stars,forks,watchers,contributors,days_since_push,has_readme,readme_word_count,readme_char_count,topics_count,language,license,readme_svd_0,readme_svd_1,readme_svd_2,readme_svd_3,readme_svd_4,readme_svd_5,readme_svd_6,readme_svd_7,readme_svd_8,readme_svd_9,readme_top_term
426893,41377,8588,0,171.35,0,0,0,10,TypeScript,"BSD 3-Clause ""New"" or ""Revised"" License",0.0,0.0,0.0,0.0,0.0,0.0,0.0,0.0,0.0,0.0,
415801,38976,6247,0,173.74,0,0,0,6,Markdown,missing,0.0,0.0,0.0,0.0,0.0,0.0,0.0,0.0,0.0,0.0,
396445,31414,8011,0,214.97,0,0,0,5,missing,Creative Commons Zero v1.0 Universal,0.0,0.0,0.0,0.0,0.0,0.0,0.0,0.0,0.0,0.0,
366964,64025,9879,0,176.87,0,0,0,5,Python,Creative Commons Attribution 4.0 International,0.0,0.0,0.0,0.0,0.0,0.0,0.0,0.0,0.0,0.0,
363505,38166,4360,0,274.08,0,0,0,10,Python,MIT License,0.0,0.0,0.0,0.0,0.0,0.0,0.0,0.0,0.0,0.0,
335089,42672,6862,0,172.74,0,0,0,10,TypeScript,Other,0.0,0.0,0.0,0.0,0.0,0.0,0.0,0.0,0.0,0.0,
325933,80129,8498,0,174.13,0,0,0,10,missing,Creative Commons Attribution Share Alike 4.0 International,0.0,0.0,0.0,0.0,0.0,0.0,0.0,0.0,0.0,0.0,
318206,52053,6792,0,273.28,0,0,0,10,Python,Other,0.0,0.0,0.0,0.0,0.0,0.0,0.0,0.0,0.0,0.0,
274222,21062,4214,0,180.5,0,0,0,0,missing,Other,0.0,0.0,0.0,0.0,0.0,0.0,0.0,0.0,0.0,0.0,
257619,26212,6125,0,216.06,0,0,0,6,Python,Other,0.0,0.0,0.0,0.0,0.0,0.0,0.0,0.0,0.0,0.0,
244591,11318,2945,0,171.06,0,0,0,8,missing,Other,0.0,0.0,0.0,0.0,0.0,0.0,0.0,0.0,0.0,0.0,
241922,31635,3405,0,552.52,0,0,0,8,missing,MIT License,0.0,0.0,0.0,0.0,0.0,0.0,0.0,0.0,0.0,0.0,
238520,49230,6712,0,172.63,0,0,0,6,JavaScript,MIT License,0.0,0.0,0.0,0.0,0.0,0.0,0.0,0.0,0.0,0.0,
209322,33750,5811,0,496.44,0,0,0,4,TypeScript,MIT License,0.0,0.0,0.0,0.0,0.0,0.0,0.0,0.0,0.0,0.0,
205993,47652,5985,0,171.82,0,0,0,10,Python,MIT License,0.0,0.0,0.0,0.0,0.0,0.0,0.0,0.0,0.0,0.0,
201105,57534,7780,0,170.8,0,0,0,0,C,Other,0.0,0.0,0.0,0.0,0.0,0.0,0.0,0.0,0.0,0.0,
193144,30861,4278,0,371.07,0,0,0,8,JavaScript,MIT License,0.0,0.0,0.0,0.0,0.0,0.0,0.0,0.0,0.0,0.0,
191404,74810,7453,0,170.69,0,0,0,8,C++,Apache License 2.0,0.0,0.0,0.0,0.0,0.0,0.0,0.0,0.0,0.0,0.0,
191299,23891,5909,0,178.96,0,0,0,4,HTML,MIT License,0.0,0.0,0.0,0.0,0.0,0.0,0.0,0.0,0.0,0.0,
184334,11441,2654,0,456.16,0,0,0,10,missing,MIT License,0.0,0.0,0.0,0.0,0.0,0.0,0.0,0.0,0.0,0.0,
183119,33659,5857,0,274.15,0,0,0,10,missing,Other,0.0,0.0,0.0,0.0,0.0,0.0,0.0,0.0,0.0,0.0,
181686,51168,5260,0,546.34,0,0,0,8,missing,missing,0.0,0.0,0.0,0.0,0.0,0.0,0.0,0.0,0.0,0.0,
181076,26186,2636,0,176.61,0,0,0,10,Shell,MIT License,0.0,0.0,0.0,0.0,0.0,0.0,0.0,0.0,0.0,0.0,
178166,45956,1552,0,170.77,0,0,0,7,Python,Other,0.0,0.0,0.0,0.0,0.0,0.0,0.0,0.0,0.0,0.0,
176253,34692,3363,0,170.66,0,0,0,5,TypeScript,MIT License,0.0,0.0,0.0,0.0,0.0,0.0,0.0,0.0,0.0,0.0,
173297,79154,6692,0,172.8,0,0,0,7,MDX,MIT License,0.0,0.0,0.0,0.0,0.0,0.0,0.0,0.0,0.0,0.0,
172214,29108,3484,0,171.03,0,0,0,10,Dart,"BSD 3-Clause ""New"" or ""Revised"" License",0.0,0.0,0.0,0.0,0.0,0.0,0.0,0.0,0.0,0.0,
171612,54458,6109,0,327.31,0,0,0,0,Jupyter Notebook,missing,0.0,0.0,0.0,0.0,0.0,0.0,0.0,0.0,0.0,0.0,
169029,83012,3378,0,174.93,0,0,0,2,missing,Creative Commons Zero v1.0 Universal,0.0,0.0,0.0,0.0,0.0,0.0,0.0,0.0,0.0,0.0,
157971,14746,2824,0,602.99,0,0,0,6,missing,missing,0.0,0.0,0.0,0.0,0.0,0.0,0.0,0.0,0.0,0.0,
156061,28953,1149,0,291.49,0,0,0,10,Python,GNU Affero General Public License v3.0,0.0,0.0,0.0,0.0,0.0,0.0,0.0,0.0,0.0,0.0,
151498,45982,4482,0,173.18,0,0,0,10,Java,Apache License 2.0,0.0,0.0,0.0,0.0,0.0,0.0,0.0,0.0,0.0,0.0,
151319,12983,848,0,170.77,0,0,0,10,Go,MIT License,0.0,0.0,0.0,0.0,0.0,0.0,0.0,0.0,0.0,0.0,
151260,12534,2826,0,173.66,0,0,0,6,Go,MIT License,0.0,0.0,0.0,0.0,0.0,0.0,0.0,0.0,0.0,0.0,
149008,30225,1165,0,171.03,0,0,0,10,Python,Apache License 2.0,0.0,0.0,0.0,0.0,0.0,0.0,0.0,0.0,0.0,0.0,
147332,26781,3722,0,436.46,0,0,0,10,JavaScript,MIT License,0.0,0.0,0.0,0.0,0.0,0.0,0.0,0.0,0.0,0.0,
146643,14245,1298,0,191.86,0,0,0,10,Batchfile,GNU General Public License v3.0,0.0,0.0,0.0,0.0,0.0,0.0,0.0,0.0,0.0,0.0,
137121,10456,2179,0,290.25,0,0,0,0,Python,The Unlicense,0.0,0.0,0.0,0.0,0.0,0.0,0.0,0.0,0.0,0.0,
134126,29198,1483,0,170.74,0,0,0,10,JavaScript,MIT License,0.0,0.0,0.0,0.0,0.0,0.0,0.0,0.0,0.0,0.0,
134069,41949,803,0,170.66,0,0,0,10,TypeScript,Other,0.0,0.0,0.0,0.0,0.0,0.0,0.0,0.0,0.0,0.0,
133426,17721,1539,0,200.43,0,0,0,5,JavaScript,Creative Commons Zero v1.0 Universal,0.0,0.0,0.0,0.0,0.0,0.0,0.0,0.0,0.0,0.0,
129677,18362,3360,0,170.68,0,0,0,4,Go,"BSD 3-Clause ""New"" or ""Revised"" License",0.0,0.0,0.0,0.0,0.0,0.0,0.0,0.0,0.0,0.0,
129377,15732,2176,0,175.74,0,0,0,10,TypeScript,MIT License,0.0,0.0,0.0,0.0,0.0,0.0,0.0,0.0,0.0,0.0,
129155,23419,2288,0,383.48,0,0,0,8,Markdown,missing,0.0,0.0,0.0,0.0,0.0,0.0,0.0,0.0,0.0,0.0,
127337,11931,1317,0,190.04,0,0,0,8,C,Apache License 2.0,0.0,0.0,0.0,0.0,0.0,0.0,0.0,0.0,0.0,0.0,
126844,10686,4052,0,174.71,0,0,0,4,Python,missing,0.0,0.0,0.0,0.0,0.0,0.0,0.0,0.0,0.0,0.0,
125169,12311,2594,0,174.31,0,0,0,10,JavaScript,Creative Commons Attribution 4.0 International,0.0,0.0,0.0,0.0,0.0,0.0,0.0,0.0,0.0,0.0,
124809,9951,645,0,171.8,0,0,0,7,Python,The Unlicense,0.0,0.0,0.0,0.0,0.0,0.0,0.0,0.0,0.0,0.0,
123610,24827,3573,0,170.88,0,0,0,8,C++,MIT License,0.0,0.0,0.0,0.0,0.0,0.0,0.0,0.0,0.0,0.0,
122758,7320,1164,0,172.95,0,0,0,8,C#,MIT License,0.0,0.0,0.0,0.0,0.0,0.0,0.0,0.0,0.0,0.0,
118112,16368,2807,0,170.97,0,0,0,9,C++,MIT License,0.0,0.0,0.0,0.0,0.0,0.0,0.0,0.0,0.0,0.0,
117187,41266,3213,0,171.25,0,0,0,4,Go,Apache License 2.0,0.0,0.0,0.0,0.0,0.0,0.0,0.0,0.0,0.0,0.0,
115965,14331,586,0,174.88,0,0,0,10,Java,Other,0.0,0.0,0.0,0.0,0.0,0.0,0.0,0.0,0.0,0.0,
115104,28352,5876,0,583.38,0,0,0,10,missing,GNU General Public License v3.0,0.0,0.0,0.0,0.0,0.0,0.0,0.0,0.0,0.0,0.0,
114546,18791,772,0,170.77,0,0,0,7,Jupyter Notebook,MIT License,0.0,0.0,0.0,0.0,0.0,0.0,0.0,0.0,0.0,0.0,
113027,32875,2970,0,170.9,0,0,0,9,JavaScript,Other,0.0,0.0,0.0,0.0,0.0,0.0,0.0,0.0,0.0,0.0,
112653,17216,672,0,170.66,0,0,0,10,TypeScript,Other,0.0,0.0,0.0,0.0,0.0,0.0,0.0,0.0,0.0,0.0,
111384,22837,3577,0,206.27,0,0,0,6,Shell,ISC License,0.0,0.0,0.0,0.0,0.0,0.0,0.0,0.0,0.0,0.0,
111178,11436,1736,0,171.53,0,0,0,2,HTML,missing,0.0,0.0,0.0,0.0,0.0,0.0,0.0,0.0,0.0,0.0,
109482,7459,437,0,170.73,0,0,0,6,Python,MIT License,0.0,0.0,0.0,0.0,0.0,0.0,0.0,0.0,0.0,0.0,
108489,14765,495,0,170.8,0,0,0,10,JavaScript,Other,0.0,0.0,0.0,0.0,0.0,0.0,0.0,0.0,0.0,0.0,
108347,35987,2534,0,170.88,0,0,0,10,JavaScript,MIT License,0.0,0.0,0.0,0.0,0.0,0.0,0.0,0.0,0.0,0.0,
107514,11192,1178,0,171.95,0,0,0,5,JavaScript,MIT License,0.0,0.0,0.0,0.0,0.0,0.0,0.0,0.0,0.0,0.0,
106257,10707,467,0,170.85,0,0,0,7,TypeScript,MIT License,0.0,0.0,0.0,0.0,0.0,0.0,0.0,0.0,0.0,0.0,
106165,13689,1471,0,170.68,0,0,0,4,Rust,Other,0.0,0.0,0.0,0.0,0.0,0.0,0.0,0.0,0.0,0.0,
105775,12976,2158,0,170.69,0,0,0,4,TypeScript,Apache License 2.0,0.0,0.0,0.0,0.0,0.0,0.0,0.0,0.0,0.0,0.0,
104060,5698,1404,0,170.68,0,0,0,4,Rust,MIT License,0.0,0.0,0.0,0.0,0.0,0.0,0.0,0.0,0.0,0.0,
104035,10591,1959,0,308.84,0,0,0,10,Dockerfile,Creative Commons Attribution Share Alike 4.0 International,0.0,0.0,0.0,0.0,0.0,0.0,0.0,0.0,0.0,0.0,
103496,27074,1903,0,368.68,0,0,0,3,JavaScript,MIT License,0.0,0.0,0.0,0.0,0.0,0.0,0.0,0.0,0.0,0.0,
101741,13251,2596,0,494.46,0,0,0,0,Java,Other,0.0,0.0,0.0,0.0,0.0,0.0,0.0,0.0,0.0,0.0,
100762,23076,1496,0,173.03,0,0,0,7,C++,MIT License,0.0,0.0,0.0,0.0,0.0,0.0,0.0,0.0,0.0,0.0,
99807,8722,1342,0,172.68,0,0,0,10,C++,MIT License,0.0,0.0,0.0,0.0,0.0,0.0,0.0,0.0,0.0,0.0,
99082,16163,742,0,174.61,0,0,0,0,Python,MIT License,0.0,0.0,0.0,0.0,0.0,0.0,0.0,0.0,0.0,0.0,
98586,26555,2990,0,172.58,0,0,0,7,TypeScript,MIT License,0.0,0.0,0.0,0.0,0.0,0.0,0.0,0.0,0.0,0.0,
98123,14398,1574,0,175.45,0,0,0,10,Go,Apache License 2.0,0.0,0.0,0.0,0.0,0.0,0.0,0.0,0.0,0.0,0.0,
97699,6072,3168,0,289.97,0,0,0,7,Shell,missing,0.0,0.0,0.0,0.0,0.0,0.0,0.0,0.0,0.0,0.0,
97051,9511,3925,0,396.67,0,0,0,9,missing,Creative Commons Zero v1.0 Universal,0.0,0.0,0.0,0.0,0.0,0.0,0.0,0.0,0.0,0.0,
96833,14210,540,0,172.15,0,0,0,10,Rust,GNU Affero General Public License v3.0,0.0,0.0,0.0,0.0,0.0,0.0,0.0,0.0,0.0,0.0,
96723,3932,1947,0,170.74,0,0,0,5,TypeScript,The Unlicense,0.0,0.0,0.0,0.0,0.0,0.0,0.0,0.0,0.0,0.0,
96503,32645,1333,0,171.13,0,0,0,5,TypeScript,MIT License,0.0,0.0,0.0,0.0,0.0,0.0,0.0,0.0,0.0,0.0,
96455,50445,833,0,173.84,0,0,0,10,Jupyter Notebook,MIT License,0.0,0.0,0.0,0.0,0.0,0.0,0.0,0.0,0.0,0.0,
96111,3045,531,0,170.68,0,0,0,7,Rust,Apache License 2.0,0.0,0.0,0.0,0.0,0.0,0.0,0.0,0.0,0.0,0.0,
95857,53417,242,0,170.66,0,0,0,7,TypeScript,MIT License,0.0,0.0,0.0,0.0,0.0,0.0,0.0,0.0,0.0,0.0,
93946,6601,298,0,171.31,0,0,0,7,TypeScript,MIT License,0.0,0.0,0.0,0.0,0.0,0.0,0.0,0.0,0.0,0.0,
93832,3757,836,0,579.12,0,0,0,2,Python,MIT License,0.0,0.0,0.0,0.0,0.0,0.0,0.0,0.0,0.0,0.0,
93756,12478,1748,0,569.44,0,0,0,7,JavaScript,MIT License,0.0,0.0,0.0,0.0,0.0,0.0,0.0,0.0,0.0,0.0,
92955,10480,491,0,201.07,0,0,0,5,Dockerfile,The Unlicense,0.0,0.0,0.0,0.0,0.0,0.0,0.0,0.0,0.0,0.0,
92812,25142,1789,0,170.66,0,0,0,8,Python,Other,0.0,0.0,0.0,0.0,0.0,0.0,0.0,0.0,0.0,0.0,
92601,27166,3731,0,182.15,0,0,0,8,Java,Other,0.0,0.0,0.0,0.0,0.0,0.0,0.0,0.0,0.0,0.0,
92410,6294,982,0,170.66,0,0,0,7,Vim Script,Other,0.0,0.0,0.0,0.0,0.0,0.0,0.0,0.0,0.0,0.0,
92224,9280,1189,0,171.62,0,0,0,9,TypeScript,Apache License 2.0,0.0,0.0,0.0,0.0,0.0,0.0,0.0,0.0,0.0,0.0,
92140,1730,96,0,280.26,0,0,0,7,HTML,GNU Affero General Public License v3.0,0.0,0.0,0.0,0.0,0.0,0.0,0.0,0.0,0.0,0.0,
91669,13961,2709,0,172.77,0,0,0,8,JavaScript,MIT License,0.0,0.0,0.0,0.0,0.0,0.0,0.0,0.0,0.0,0.0,
91005,11730,608,0,236.39,0,0,0,0,missing,MIT License,0.0,0.0,0.0,0.0,0.0,0.0,0.0,0.0,0.0,0.0,
89882,4705,618,0,171.83,0,0,0,7,TypeScript,MIT License,0.0,0.0,0.0,0.0,0.0,0.0,0.0,0.0,0.0,0.0,
89831,30666,2185,0,482.27,0,0,0,10,Vue,MIT License,0.0,0.0,0.0,0.0,0.0,0.0,0.0,0.0,0.0,0.0,
88987,7808,714,0,170.93,0,0,0,10,Python,MIT License,0.0,0.0,0.0,0.0,0.0,0.0,0.0,0.0,0.0,0.0,
88072,8071,1985,0,561.25,0,0,0,5,missing,Creative Commons Attribution 4.0 International,0.0,0.0,0.0,0.0,0.0,0.0,0.0,0.0,0.0,0.0,
87846,6718,1507,0,171.42,0,0,0,10,JavaScript,Creative Commons Zero v1.0 Universal,0.0,0.0,0.0,0.0,0.0,0.0,0.0,0.0,0.0,0.0,
87838,9679,595,0,170.66,0,0,0,10,TypeScript,Apache License 2.0,0.0,0.0,0.0,0.0,0.0,0.0,0.0,0.0,0.0,0.0,
87628,9672,927,0,170.84,0,0,0,10,TypeScript,MIT License,0.0,0.0,0.0,0.0,0.0,0.0,0.0,0.0,0.0,0.0,
87495,10835,673,0,184.12,0,0,0,0,Python,MIT License,0.0,0.0,0.0,0.0,0.0,0.0,0.0,0.0,0.0,0.0,
87082,9682,586,0,171.41,0,0,0,4,Python,GNU General Public License v3.0,0.0,0.0,0.0,0.0,0.0,0.0,0.0,0.0,0.0,0.0,
86677,9251,1036,0,229.82,0,0,0,10,Shell,MIT License,0.0,0.0,0.0,0.0,0.0,0.0,0.0,0.0,0.0,0.0,
85901,13227,814,0,171.25,0,0,0,10,C#,GNU General Public License v3.0,0.0,0.0,0.0,0.0,0.0,0.0,0.0,0.0,0.0,0.0,
85861,12886,600,0,170.69,0,0,0,1,C++,MIT License,0.0,0.0,0.0,0.0,0.0,0.0,0.0,0.0,0.0,0.0,
85699,61058,454,0,172.12,0,0,0,10,TypeScript,MIT License,0.0,0.0,0.0,0.0,0.0,0.0,0.0,0.0,0.0,0.0,
85286,37691,4047,0,173.78,0,0,0,5,C++,MIT License,0.0,0.0,0.0,0.0,0.0,0.0,0.0,0.0,0.0,0.0,
85062,9806,1857,0,551.34,0,0,0,9,missing,MIT License,0.0,0.0,0.0,0.0,0.0,0.0,0.0,0.0,0.0,0.0,
84843,32877,2281,0,171.48,0,0,0,9,Python,"BSD 3-Clause ""New"" or ""Revised"" License",0.0,0.0,0.0,0.0,0.0,0.0,0.0,0.0,0.0,0.0,
83967,4605,853,0,171.35,0,0,0,3,JavaScript,MIT License,0.0,0.0,0.0,0.0,0.0,0.0,0.0,0.0,0.0,0.0,
83801,8308,1359,0,190.43,0,0,0,7,Go,MIT License,0.0,0.0,0.0,0.0,0.0,0.0,0.0,0.0,0.0,0.0,
83760,56270,2637,0,173.32,0,0,0,5,C++,Apache License 2.0,0.0,0.0,0.0,0.0,0.0,0.0,0.0,0.0,0.0,0.0,
83178,7992,1082,0,174.29,0,0,0,7,Go,Apache License 2.0,0.0,0.0,0.0,0.0,0.0,0.0,0.0,0.0,0.0,0.0,
82549,7976,651,0,173.16,0,0,0,8,TypeScript,MIT License,0.0,0.0,0.0,0.0,0.0,0.0,0.0,0.0,0.0,0.0,
82281,7508,1528,0,182.15,0,0,0,0,TypeScript,MIT License,0.0,0.0,0.0,0.0,0.0,0.0,0.0,0.0,0.0,0.0,
82108,16164,2239,0,568.93,0,0,0,4,CSS,Other,0.0,0.0,0.0,0.0,0.0,0.0,0.0,0.0,0.0,0.0,
81992,24452,4389,0,173.01,0,0,0,3,Blade,missing,0.0,0.0,0.0,0.0,0.0,0.0,0.0,0.0,0.0,0.0,
81436,29428,2225,0,191.39,0,0,0,10,Java,Apache License 2.0,0.0,0.0,0.0,0.0,0.0,0.0,0.0,0.0,0.0,0.0,
81000,34864,1341,0,170.82,0,0,0,8,Python,Apache License 2.0,0.0,0.0,0.0,0.0,0.0,0.0,0.0,0.0,0.0,0.0,
80289,6861,930,0,249.09,0,0,0,4,Python,MIT License,0.0,0.0,0.0,0.0,0.0,0.0,0.0,0.0,0.0,0.0,
80139,3294,575,0,170.66,0,0,0,10,Zig,Other,0.0,0.0,0.0,0.0,0.0,0.0,0.0,0.0,0.0,0.0,
80109,22406,1029,0,172.87,0,0,0,10,missing,GNU General Public License v3.0,0.0,0.0,0.0,0.0,0.0,0.0,0.0,0.0,0.0,0.0,
80018,3174,715,0,278.13,0,0,0,3,Clojure,SIL Open Font License 1.1,0.0,0.0,0.0,0.0,0.0,0.0,0.0,0.0,0.0,0.0,
78266,41458,3345,0,173.36,0,0,0,4,Java,Apache License 2.0,0.0,0.0,0.0,0.0,0.0,0.0,0.0,0.0,0.0,0.0,
78179,19252,2579,0,217.24,0,0,0,10,Java,Creative Commons Attribution Share Alike 4.0 International,0.0,0.0,0.0,0.0,0.0,0.0,0.0,0.0,0.0,0.0,
78100,17520,1270,0,170.97,0,0,0,10,Python,Other,0.0,0.0,0.0,0.0,0.0,0.0,0.0,0.0,0.0,0.0,
77630,45499,2680,0,173.6,0,0,0,0,Python,Other,0.0,0.0,0.0,0.0,0.0,0.0,0.0,0.0,0.0,0.0,
77114,7401,1287,0,173.82,0,0,0,5,missing,missing,0.0,0.0,0.0,0.0,0.0,0.0,0.0,0.0,0.0,0.0,
76978,17316,1037,0,172.74,0,0,0,10,HTML,MIT License,0.0,0.0,0.0,0.0,0.0,0.0,0.0,0.0,0.0,0.0,
76808,9155,1720,0,569.15,0,0,0,10,missing,missing,0.0,0.0,0.0,0.0,0.0,0.0,0.0,0.0,0.0,0.0,
76585,8263,695,0,266.91,0,0,0,2,C++,MIT License,0.0,0.0,0.0,0.0,0.0,0.0,0.0,0.0,0.0,0.0,
76565,4512,533,0,171.49,0,0,0,10,TypeScript,Apache License 2.0,0.0,0.0,0.0,0.0,0.0,0.0,0.0,0.0,0.0,0.0,
76430,14020,2536,0,919.24,0,0,0,5,Java,missing,0.0,0.0,0.0,0.0,0.0,0.0,0.0,0.0,0.0,0.0,
75766,14978,1598,0,649.43,0,0,0,0,Python,missing,0.0,0.0,0.0,0.0,0.0,0.0,0.0,0.0,0.0,0.0,
75749,4742,1033,0,171.27,0,0,0,4,Go,Mozilla Public License 2.0,0.0,0.0,0.0,0.0,0.0,0.0,0.0,0.0,0.0,0.0,
75696,6134,1354,0,170.73,0,0,0,10,C,GNU General Public License v3.0,0.0,0.0,0.0,0.0,0.0,0.0,0.0,0.0,0.0,0.0,
75648,8145,971,0,320.02,0,0,0,10,missing,Other,0.0,0.0,0.0,0.0,0.0,0.0,0.0,0.0,0.0,0.0,
75638,25824,291,0,171.72,0,0,0,6,JavaScript,MIT License,0.0,0.0,0.0,0.0,0.0,0.0,0.0,0.0,0.0,0.0,
75607,12208,1347,0,180.92,0,0,0,7,JavaScript,Other,0.0,0.0,0.0,0.0,0.0,0.0,0.0,0.0,0.0,0.0,
75005,7148,458,0,172.13,0,0,0,5,TypeScript,MIT License,0.0,0.0,0.0,0.0,0.0,0.0,0.0,0.0,0.0,0.0,
74909,3817,1714,0,170.67,0,0,0,10,Rust,Apache License 2.0,0.0,0.0,0.0,0.0,0.0,0.0,0.0,0.0,0.0,0.0,
74849,7208,1009,0,172.18,0,0,0,0,JavaScript,Other,0.0,0.0,0.0,0.0,0.0,0.0,0.0,0.0,0.0,0.0,
74828,3951,251,0,170.74,0,0,0,10,TypeScript,GNU Affero General Public License v3.0,0.0,0.0,0.0,0.0,0.0,0.0,0.0,0.0,0.0,0.0,
74634,3601,3363,0,173.74,0,0,0,0,missing,missing,0.0,0.0,0.0,0.0,0.0,0.0,0.0,0.0,0.0,0.0,
74464,6599,299,0,171.02,0,0,0,10,JavaScript,MIT License,0.0,0.0,0.0,0.0,0.0,0.0,0.0,0.0,0.0,0.0,
73789,5155,504,0,172.32,0,0,0,10,TypeScript,MIT License,0.0,0.0,0.0,0.0,0.0,0.0,0.0,0.0,0.0,0.0,
73680,25411,2656,0,170.74,0,0,0,3,Java,Other,0.0,0.0,0.0,0.0,0.0,0.0,0.0,0.0,0.0,0.0,
73649,6189,736,0,173.92,0,0,0,7,TypeScript,MIT License,0.0,0.0,0.0,0.0,0.0,0.0,0.0,0.0,0.0,0.0,
73380,2577,397,0,171.19,0,0,0,10,Go,MIT License,0.0,0.0,0.0,0.0,0.0,0.0,0.0,0.0,0.0,0.0,
73252,8364,1423,0,232.4,0,0,0,6,missing,MIT License,0.0,0.0,0.0,0.0,0.0,0.0,0.0,0.0,0.0,0.0,
73218,9474,2105,0,226.46,0,0,0,0,missing,MIT License,0.0,0.0,0.0,0.0,0.0,0.0,0.0,0.0,0.0,0.0,
72969,7577,384,0,170.7,0,0,0,2,TypeScript,Apache License 2.0,0.0,0.0,0.0,0.0,0.0,0.0,0.0,0.0,0.0,0.0,
72843,10531,437,0,173.47,0,0,0,10,Python,GNU Affero General Public License v3.0,0.0,0.0,0.0,0.0,0.0,0.0,0.0,0.0,0.0,0.0,
72690,5473,211,0,171.03,0,0,0,8,TypeScript,GNU General Public License v3.0,0.0,0.0,0.0,0.0,0.0,0.0,0.0,0.0,0.0,0.0,
72538,3972,251,0,175.8,0,0,0,7,Python,MIT License,0.0,0.0,0.0,0.0,0.0,0.0,0.0,0.0,0.0,0.0,
72503,8002,729,0,171.23,0,0,0,10,TypeScript,MIT License,0.0,0.0,0.0,0.0,0.0,0.0,0.0,0.0,0.0,0.0,
72002,11835,1102,0,568.35,0,0,0,8,Python,Apache License 2.0,0.0,0.0,0.0,0.0,0.0,0.0,0.0,0.0,0.0,0.0,
71388,10498,576,0,610.67,0,0,0,0,Jupyter Notebook,Other,0.0,0.0,0.0,0.0,0.0,0.0,0.0,0.0,0.0,0.0,
71103,6560,1440,0,369.71,0,0,0,10,missing,Creative Commons Zero v1.0 Universal,0.0,0.0,0.0,0.0,0.0,0.0,0.0,0.0,0.0,0.0,
70815,8768,415,0,205.88,0,0,0,0,Python,MIT License,0.0,0.0,0.0,0.0,0.0,0.0,0.0,0.0,0.0,0.0,
70679,24207,2518,0,170.72,0,0,0,10,C,Other,0.0,0.0,0.0,0.0,0.0,0.0,0.0,0.0,0.0,0.0,
70583,18802,2854,0,172.97,0,0,0,4,Go,Apache License 2.0,0.0,0.0,0.0,0.0,0.0,0.0,0.0,0.0,0.0,0.0,
70312,4460,687,0,184.07,0,0,0,10,C,GNU General Public License v3.0,0.0,0.0,0.0,0.0,0.0,0.0,0.0,0.0,0.0,0.0,
70262,16517,2103,0,182.87,0,0,0,7,Python,"BSD 3-Clause ""New"" or ""Revised"" License",0.0,0.0,0.0,0.0,0.0,0.0,0.0,0.0,0.0,0.0,
69694,12900,1267,0,170.67,0,0,0,10,TypeScript,GNU Affero General Public License v3.0,0.0,0.0,0.0,0.0,0.0,0.0,0.0,0.0,0.0,0.0,
69663,9373,1851,0,190.26,0,0,0,10,missing,missing,0.0,0.0,0.0,0.0,0.0,0.0,0.0,0.0,0.0,0.0,
69626,7417,1517,0,172.89,0,0,0,10,missing,missing,0.0,0.0,0.0,0.0,0.0,0.0,0.0,0.0,0.0,0.0,
69586,15871,1894,0,188.36,0,0,0,10,Python,MIT License,0.0,0.0,0.0,0.0,0.0,0.0,0.0,0.0,0.0,0.0,
69524,15065,3330,0,188.97,0,0,0,0,Python,Other,0.0,0.0,0.0,0.0,0.0,0.0,0.0,0.0,0.0,0.0,
69481,16744,1647,0,174.33,0,0,0,3,JavaScript,MIT License,0.0,0.0,0.0,0.0,0.0,0.0,0.0,0.0,0.0,0.0,
69371,8902,659,0,173.07,0,0,0,10,TypeScript,Other,0.0,0.0,0.0,0.0,0.0,0.0,0.0,0.0,0.0,0.0,
69169,8371,283,0,178.21,0,0,0,5,Python,GNU General Public License v3.0,0.0,0.0,0.0,0.0,0.0,0.0,0.0,0.0,0.0,0.0,
69156,10152,1704,0,186.87,0,0,0,7,C++,Apache License 2.0,0.0,0.0,0.0,0.0,0.0,0.0,0.0,0.0,0.0,0.0,
69003,10525,2437,0,170.76,0,0,0,0,C++,Apache License 2.0,0.0,0.0,0.0,0.0,0.0,0.0,0.0,0.0,0.0,0.0,
68972,8013,371,0,170.66,0,0,0,7,Python,MIT License,0.0,0.0,0.0,0.0,0.0,0.0,0.0,0.0,0.0,0.0,
68926,15856,2030,0,170.67,0,0,0,8,C++,Other,0.0,0.0,0.0,0.0,0.0,0.0,0.0,0.0,0.0,0.0,
68636,32719,1530,0,170.8,0,0,0,0,Python,Other,0.0,0.0,0.0,0.0,0.0,0.0,0.0,0.0,0.0,0.0,
68470,2761,320,0,176.2,0,0,0,0,Go,MIT License,0.0,0.0,0.0,0.0,0.0,0.0,0.0,0.0,0.0,0.0,
68428,9656,614,0,171.05,0,0,0,10,Jupyter Notebook,Other,0.0,0.0,0.0,0.0,0.0,0.0,0.0,0.0,0.0,0.0,
68362,7897,1169,0,288.33,0,0,0,10,Python,MIT License,0.0,0.0,0.0,0.0,0.0,0.0,0.0,0.0,0.0,0.0,
68182,5551,452,0,173.01,0,0,0,2,missing,MIT License,0.0,0.0,0.0,0.0,0.0,0.0,0.0,0.0,0.0,0.0,
67915,11157,1049,0,174.05,0,0,0,10,C++,MIT License,0.0,0.0,0.0,0.0,0.0,0.0,0.0,0.0,0.0,0.0,
67810,15569,1533,0,170.67,0,0,0,10,TypeScript,Apache License 2.0,0.0,0.0,0.0,0.0,0.0,0.0,0.0,0.0,0.0,0.0,
67688,10292,1592,0,170.66,0,0,0,10,Python,missing,0.0,0.0,0.0,0.0,0.0,0.0,0.0,0.0,0.0,0.0,
67621,20500,1692,0,180.45,0,0,0,4,JavaScript,MIT License,0.0,0.0,0.0,0.0,0.0,0.0,0.0,0.0,0.0,0.0,
67587,11233,969,0,172.8,0,0,0,4,Jupyter Notebook,MIT License,0.0,0.0,0.0,0.0,0.0,0.0,0.0,0.0,0.0,0.0,
66877,7570,345,0,171.72,0,0,0,0,HTML,MIT License,0.0,0.0,0.0,0.0,0.0,0.0,0.0,0.0,0.0,0.0,
66816,3562,266,0,171.45,0,0,0,4,Dart,Apache License 2.0,0.0,0.0,0.0,0.0,0.0,0.0,0.0,0.0,0.0,0.0,
66535,8654,1470,0,173.72,0,0,0,10,C,GNU General Public License v2.0,0.0,0.0,0.0,0.0,0.0,0.0,0.0,0.0,0.0,0.0,
66512,4470,848,0,171.96,0,0,0,10,Go,Apache License 2.0,0.0,0.0,0.0,0.0,0.0,0.0,0.0,0.0,0.0,0.0,
66461,11961,1357,0,184.57,0,0,0,6,JavaScript,MIT License,0.0,0.0,0.0,0.0,0.0,0.0,0.0,0.0,0.0,0.0,
66398,7783,482,0,173.12,0,0,0,0,TypeScript,MIT License,0.0,0.0,0.0,0.0,0.0,0.0,0.0,0.0,0.0,0.0,
66339,1956,122,0,170.72,0,0,0,4,Rust,Apache License 2.0,0.0,0.0,0.0,0.0,0.0,0.0,0.0,0.0,0.0,0.0,
66123,24074,1894,0,172.58,0,0,0,2,Python,GNU General Public License v3.0,0.0,0.0,0.0,0.0,0.0,0.0,0.0,0.0,0.0,0.0,
66021,8089,2057,0,173.58,0,0,0,10,missing,MIT License,0.0,0.0,0.0,0.0,0.0,0.0,0.0,0.0,0.0,0.0,
65813,3693,446,0,176.97,0,0,0,5,TypeScript,MIT License,0.0,0.0,0.0,0.0,0.0,0.0,0.0,0.0,0.0,0.0,
65570,9110,1209,0,184.33,0,0,0,10,JavaScript,MIT License,0.0,0.0,0.0,0.0,0.0,0.0,0.0,0.0,0.0,0.0,
65517,9094,1444,0,171.74,0,0,0,10,JavaScript,MIT License,0.0,0.0,0.0,0.0,0.0,0.0,0.0,0.0,0.0,0.0,
65470,1725,189,0,179.17,0,0,0,4,Go,MIT License,0.0,0.0,0.0,0.0,0.0,0.0,0.0,0.0,0.0,0.0,
65326,24584,1966,0,171.16,0,0,0,0,PHP,MIT License,0.0,0.0,0.0,0.0,0.0,0.0,0.0,0.0,0.0,0.0,
65173,4527,366,0,174.27,0,0,0,10,Dart,GNU Affero General Public License v3.0,0.0,0.0,0.0,0.0,0.0,0.0,0.0,0.0,0.0,0.0,
65131,10283,2277,0,177.12,0,0,0,4,missing,MIT License,0.0,0.0,0.0,0.0,0.0,0.0,0.0,0.0,0.0,0.0,
65054,13474,273,0,170.66,0,0,0,10,TypeScript,Other,0.0,0.0,0.0,0.0,0.0,0.0,0.0,0.0,0.0,0.0,
65044,13681,487,0,174.39,0,0,0,10,Python,GNU General Public License v3.0,0.0,0.0,0.0,0.0,0.0,0.0,0.0,0.0,0.0,0.0,
64878,6582,1886,0,173.77,0,0,0,10,missing,MIT License,0.0,0.0,0.0,0.0,0.0,0.0,0.0,0.0,0.0,0.0,
64846,9193,1275,0,563.07,0,0,0,0,missing,MIT License,0.0,0.0,0.0,0.0,0.0,0.0,0.0,0.0,0.0,0.0,
64844,5531,203,0,173.05,0,0,0,10,Java,Other,0.0,0.0,0.0,0.0,0.0,0.0,0.0,0.0,0.0,0.0,
64799,5098,263,0,170.7,0,0,0,4,Rust,Other,0.0,0.0,0.0,0.0,0.0,0.0,0.0,0.0,0.0,0.0,
64501,19765,1975,0,174.4,0,0,0,9,TypeScript,Apache License 2.0,0.0,0.0,0.0,0.0,0.0,0.0,0.0,0.0,0.0,0.0,
64448,7900,729,0,174.56,0,0,0,3,Python,Apache License 2.0,0.0,0.0,0.0,0.0,0.0,0.0,0.0,0.0,0.0,0.0,
64418,12952,2589,0,282.21,0,0,0,10,Java,MIT License,0.0,0.0,0.0,0.0,0.0,0.0,0.0,0.0,0.0,0.0,
64237,2211,303,0,171.04,0,0,0,3,Go,MIT License,0.0,0.0,0.0,0.0,0.0,0.0,0.0,0.0,0.0,0.0,
63857,4772,369,0,560.61,0,0,0,0,Dockerfile,Apache License 2.0,0.0,0.0,0.0,0.0,0.0,0.0,0.0,0.0,0.0,0.0,
63563,4249,770,0,176.06,0,0,0,7,JavaScript,MIT License,0.0,0.0,0.0,0.0,0.0,0.0,0.0,0.0,0.0,0.0,
63528,12160,347,0,588.45,0,0,0,0,Scala,GNU Affero General Public License v3.0,0.0,0.0,0.0,0.0,0.0,0.0,0.0,0.0,0.0,0.0,
63392,6544,286,0,171.2,0,0,0,10,TypeScript,Apache License 2.0,0.0,0.0,0.0,0.0,0.0,0.0,0.0,0.0,0.0,0.0,
63379,19618,1882,0,172.96,0,0,0,8,Python,Apache License 2.0,0.0,0.0,0.0,0.0,0.0,0.0,0.0,0.0,0.0,0.0,
63214,20231,2199,0,172.43,0,0,0,10,Java,MIT License,0.0,0.0,0.0,0.0,0.0,0.0,0.0,0.0,0.0,0.0,
63194,26182,2138,0,171.13,0,0,0,5,Python,"BSD 3-Clause ""New"" or ""Revised"" License",0.0,0.0,0.0,0.0,0.0,0.0,0.0,0.0,0.0,0.0,
62966,7523,426,0,170.7,0,0,0,9,Python,MIT License,0.0,0.0,0.0,0.0,0.0,0.0,0.0,0.0,0.0,0.0,
62933,7280,1341,0,194.92,0,0,0,4,Assembly,Other,0.0,0.0,0.0,0.0,0.0,0.0,0.0,0.0,0.0,0.0,
62912,6380,483,0,181.45,0,0,0,10,Python,MIT License,0.0,0.0,0.0,0.0,0.0,0.0,0.0,0.0,0.0,0.0,
62910,11828,1036,0,178.21,0,0,0,0,missing,MIT License,0.0,0.0,0.0,0.0,0.0,0.0,0.0,0.0,0.0,0.0,
62603,1357,342,0,1099.47,0,0,0,0,JavaScript,missing,0.0,0.0,0.0,0.0,0.0,0.0,0.0,0.0,0.0,0.0,
62533,8233,2299,0,1021.21,0,0,0,4,missing,missing,0.0,0.0,0.0,0.0,0.0,0.0,0.0,0.0,0.0,0.0,
62444,6056,1689,0,217.01,0,0,0,6,missing,Creative Commons Zero v1.0 Universal,0.0,0.0,0.0,0.0,0.0,0.0,0.0,0.0,0.0,0.0,
62361,10137,1502,0,186.45,0,0,0,4,TypeScript,MIT License,0.0,0.0,0.0,0.0,0.0,0.0,0.0,0.0,0.0,0.0,
62156,5408,301,0,171.56,0,0,0,4,Rust,Apache License 2.0,0.0,0.0,0.0,0.0,0.0,0.0,0.0,0.0,0.0,0.0,
61544,9357,429,0,173.04,0,0,0,6,TypeScript,MIT License,0.0,0.0,0.0,0.0,0.0,0.0,0.0,0.0,0.0,0.0,
61329,15202,1262,0,177.16,0,0,0,1,TypeScript,MIT License,0.0,0.0,0.0,0.0,0.0,0.0,0.0,0.0,0.0,0.0,
61326,6324,648,0,173.02,0,0,0,6,MDX,MIT License,0.0,0.0,0.0,0.0,0.0,0.0,0.0,0.0,0.0,0.0,
61173,6678,581,0,259.07,0,0,0,5,missing,Apache License 2.0,0.0,0.0,0.0,0.0,0.0,0.0,0.0,0.0,0.0,0.0,
60935,7074,817,0,432.81,0,0,0,4,JavaScript,Other,0.0,0.0,0.0,0.0,0.0,0.0,0.0,0.0,0.0,0.0,
60619,17312,2631,0,1142.3,0,0,0,7,JavaScript,MIT License,0.0,0.0,0.0,0.0,0.0,0.0,0.0,0.0,0.0,0.0,
60552,11092,2198,0,176.62,0,0,0,6,Nunjucks,MIT License,0.0,0.0,0.0,0.0,0.0,0.0,0.0,0.0,0.0,0.0,
60421,17805,3212,0,678.27,0,0,0,0,missing,missing,0.0,0.0,0.0,0.0,0.0,0.0,0.0,0.0,0.0,0.0,
60384,5175,450,0,196.01,0,0,0,6,Python,GNU Affero General Public License v3.0,0.0,0.0,0.0,0.0,0.0,0.0,0.0,0.0,0.0,0.0,
60310,4239,523,0,171.05,0,0,0,7,Python,Other,0.0,0.0,0.0,0.0,0.0,0.0,0.0,0.0,0.0,0.0,
60159,9749,1114,0,173.18,0,0,0,7,Go,Apache License 2.0,0.0,0.0,0.0,0.0,0.0,0.0,0.0,0.0,0.0,0.0,
60153,3173,448,0,172.55,0,0,0,10,Rust,Apache License 2.0,0.0,0.0,0.0,0.0,0.0,0.0,0.0,0.0,0.0,0.0,
60003,11188,1002,0,180.73,0,0,0,0,JavaScript,MIT License,0.0,0.0,0.0,0.0,0.0,0.0,0.0,0.0,0.0,0.0,
59840,6660,1070,0,175.1,0,0,0,3,Java,Apache License 2.0,0.0,0.0,0.0,0.0,0.0,0.0,0.0,0.0,0.0,0.0,
59803,10872,355,0,180.83,0,0,0,4,Rust,MIT License,0.0,0.0,0.0,0.0,0.0,0.0,0.0,0.0,0.0,0.0,
59560,20548,3149,0,170.75,0,0,0,1,JavaScript,MIT License,0.0,0.0,0.0,0.0,0.0,0.0,0.0,0.0,0.0,0.0,
59409,3796,404,0,199.19,0,0,0,10,CSS,Other,0.0,0.0,0.0,0.0,0.0,0.0,0.0,0.0,0.0,0.0,
59083,4698,393,0,170.81,0,0,0,10,Markdown,Other,0.0,0.0,0.0,0.0,0.0,0.0,0.0,0.0,0.0,0.0,
59009,16353,2431,0,413.41,0,0,0,3,C#,Other,0.0,0.0,0.0,0.0,0.0,0.0,0.0,0.0,0.0,0.0,
58771,27320,3757,0,677.01,0,0,0,0,JavaScript,MIT License,0.0,0.0,0.0,0.0,0.0,0.0,0.0,0.0,0.0,0.0,
58754,38668,3310,0,173.1,0,0,0,3,Java,Apache License 2.0,0.0,0.0,0.0,0.0,0.0,0.0,0.0,0.0,0.0,0.0,
58687,9799,540,0,387.84,0,0,0,0,Python,Other,0.0,0.0,0.0,0.0,0.0,0.0,0.0,0.0,0.0,0.0,
58162,7012,846,0,233.26,0,0,0,5,Python,MIT License,0.0,0.0,0.0,0.0,0.0,0.0,0.0,0.0,0.0,0.0,
58089,11028,1774,0,181.4,0,0,0,8,Python,"BSD 3-Clause ""New"" or ""Revised"" License",0.0,0.0,0.0,0.0,0.0,0.0,0.0,0.0,0.0,0.0,
58083,3686,989,0,172.16,0,0,0,7,JavaScript,GNU General Public License v3.0,0.0,0.0,0.0,0.0,0.0,0.0,0.0,0.0,0.0,0.0,
58060,5353,789,0,170.87,0,0,0,10,TypeScript,MIT License,0.0,0.0,0.0,0.0,0.0,0.0,0.0,0.0,0.0,0.0,
58025,12155,387,0,189.5,0,0,0,10,Shell,missing,0.0,0.0,0.0,0.0,0.0,0.0,0.0,0.0,0.0,0.0,
57544,2849,230,0,175.16,0,0,0,2,Rust,Other,0.0,0.0,0.0,0.0,0.0,0.0,0.0,0.0,0.0,0.0,
57150,12293,2483,0,201.42,0,0,0,7,JavaScript,MIT License,0.0,0.0,0.0,0.0,0.0,0.0,0.0,0.0,0.0,0.0,
57028,6792,1580,0,212.84,0,0,0,10,Dart,missing,0.0,0.0,0.0,0.0,0.0,0.0,0.0,0.0,0.0,0.0,
57002,6985,287,0,173.52,0,0,0,10,Python,Apache License 2.0,0.0,0.0,0.0,0.0,0.0,0.0,0.0,0.0,0.0,0.0,
56785,9794,437,0,170.66,0,0,0,10,Python,Apache License 2.0,0.0,0.0,0.0,0.0,0.0,0.0,0.0,0.0,0.0,0.0,
56701,4114,385,0,171.59,0,0,0,10,TypeScript,GNU Affero General Public License v3.0,0.0,0.0,0.0,0.0,0.0,0.0,0.0,0.0,0.0,0.0,
56537,5398,549,0,173.01,0,0,0,4,JavaScript,Apache License 2.0,0.0,0.0,0.0,0.0,0.0,0.0,0.0,0.0,0.0,0.0,
56534,7573,477,0,461.93,0,0,0,0,Python,Apache License 2.0,0.0,0.0,0.0,0.0,0.0,0.0,0.0,0.0,0.0,0.0,
56507,15980,2246,0,602.24,0,0,0,0,JavaScript,GNU General Public License v3.0,0.0,0.0,0.0,0.0,0.0,0.0,0.0,0.0,0.0,0.0,
56374,9805,1366,0,297.1,0,0,0,0,Python,Other,0.0,0.0,0.0,0.0,0.0,0.0,0.0,0.0,0.0,0.0,
56354,5463,673,0,173.31,0,0,0,10,Go,MIT License,0.0,0.0,0.0,0.0,0.0,0.0,0.0,0.0,0.0,0.0,
56323,2952,491,0,554.18,0,0,0,10,Go,"BSD 3-Clause ""New"" or ""Revised"" License",0.0,0.0,0.0,0.0,0.0,0.0,0.0,0.0,0.0,0.0,
56056,13557,357,0,413.39,0,0,0,5,missing,MIT License,0.0,0.0,0.0,0.0,0.0,0.0,0.0,0.0,0.0,0.0,
55951,10089,1321,0,170.68,0,0,0,3,Python,MIT License,0.0,0.0,0.0,0.0,0.0,0.0,0.0,0.0,0.0,0.0,
55914,10282,717,0,171.13,0,0,0,7,JavaScript,MIT License,0.0,0.0,0.0,0.0,0.0,0.0,0.0,0.0,0.0,0.0,
55620,15032,1572,0,173.38,0,0,0,0,Kotlin,GNU General Public License v3.0,0.0,0.0,0.0,0.0,0.0,0.0,0.0,0.0,0.0,0.0,
55593,9476,1327,0,217.34,0,0,0,10,JavaScript,Other,0.0,0.0,0.0,0.0,0.0,0.0,0.0,0.0,0.0,0.0,
55430,10707,807,0,172.45,0,0,0,0,TypeScript,MIT License,0.0,0.0,0.0,0.0,0.0,0.0,0.0,0.0,0.0,0.0,
55352,13669,1564,0,546.48,0,0,0,4,Python,MIT License,0.0,0.0,0.0,0.0,0.0,0.0,0.0,0.0,0.0,0.0,
55166,17157,376,0,176.35,0,0,0,10,Python,GNU Affero General Public License v3.0,0.0,0.0,0.0,0.0,0.0,0.0,0.0,0.0,0.0,0.0,
54969,2232,292,0,182.28,0,0,0,10,Rust,The Unlicense,0.0,0.0,0.0,0.0,0.0,0.0,0.0,0.0,0.0,0.0,
54929,9063,942,0,264.26,0,0,0,6,Python,Other,0.0,0.0,0.0,0.0,0.0,0.0,0.0,0.0,0.0,0.0,
54928,6104,631,0,173.64,0,0,0,10,Go,GNU Affero General Public License v3.0,0.0,0.0,0.0,0.0,0.0,0.0,0.0,0.0,0.0,0.0,
54800,7273,538,0,280.32,0,0,0,10,Python,MIT License,0.0,0.0,0.0,0.0,0.0,0.0,0.0,0.0,0.0,0.0,
54682,3707,253,0,171.32,0,0,0,10,TypeScript,Other,0.0,0.0,0.0,0.0,0.0,0.0,0.0,0.0,0.0,0.0,
54446,13420,1537,0,222.02,0,0,0,10,Python,GNU General Public License v3.0,0.0,0.0,0.0,0.0,0.0,0.0,0.0,0.0,0.0,0.0,
54411,1792,176,0,173.7,0,0,0,7,TypeScript,MIT License,0.0,0.0,0.0,0.0,0.0,0.0,0.0,0.0,0.0,0.0,
54245,14596,1304,0,547.43,0,0,0,7,Vue,MIT License,0.0,0.0,0.0,0.0,0.0,0.0,0.0,0.0,0.0,0.0,
54208,1340,210,0,174.02,0,0,0,8,Rust,Apache License 2.0,0.0,0.0,0.0,0.0,0.0,0.0,0.0,0.0,0.0,0.0,
54065,6153,459,0,538.0,0,0,0,10,Rust,missing,0.0,0.0,0.0,0.0,0.0,0.0,0.0,0.0,0.0,0.0,
53801,4602,237,0,171.8,0,0,0,10,TypeScript,GNU Affero General Public License v3.0,0.0,0.0,0.0,0.0,0.0,0.0,0.0,0.0,0.0,0.0,
53676,5381,599,0,400.61,0,0,0,5,Makefile,Other,0.0,0.0,0.0,0.0,0.0,0.0,0.0,0.0,0.0,0.0,
53571,10234,2765,0,592.37,0,0,0,3,missing,MIT License,0.0,0.0,0.0,0.0,0.0,0.0,0.0,0.0,0.0,0.0,
53528,1875,535,0,189.29,0,0,0,10,Python,MIT License,0.0,0.0,0.0,0.0,0.0,0.0,0.0,0.0,0.0,0.0,
53429,5777,1272,0,352.11,0,0,0,10,Python,MIT License,0.0,0.0,0.0,0.0,0.0,0.0,0.0,0.0,0.0,0.0,
53382,10528,1477,0,615.89,0,0,0,3,CSS,MIT License,0.0,0.0,0.0,0.0,0.0,0.0,0.0,0.0,0.0,0.0,
53239,9539,1320,0,183.89,0,0,0,8,Python,Apache License 2.0,0.0,0.0,0.0,0.0,0.0,0.0,0.0,0.0,0.0,0.0,
53217,4439,226,0,208.82,0,0,0,8,Ruby,GNU Affero General Public License v3.0,0.0,0.0,0.0,0.0,0.0,0.0,0.0,0.0,0.0,0.0,
53201,8561,467,0,173.12,0,0,0,10,Python,Apache License 2.0,0.0,0.0,0.0,0.0,0.0,0.0,0.0,0.0,0.0,0.0,
53127,2871,704,0,172.33,0,0,0,10,Shell,Other,0.0,0.0,0.0,0.0,0.0,0.0,0.0,0.0,0.0,0.0,
53101,2868,204,0,171.33,0,0,0,10,TypeScript,Other,0.0,0.0,0.0,0.0,0.0,0.0,0.0,0.0,0.0,0.0,
53001,2152,295,0,172.88,0,0,0,10,Rust,Other,0.0,0.0,0.0,0.0,0.0,0.0,0.0,0.0,0.0,0.0,
52846,12998,1488,0,170.7,0,0,0,10,C,Other,0.0,0.0,0.0,0.0,0.0,0.0,0.0,0.0,0.0,0.0,
52536,4635,388,0,171.12,0,0,0,10,TypeScript,"BSD 3-Clause ""New"" or ""Revised"" License",0.0,0.0,0.0,0.0,0.0,0.0,0.0,0.0,0.0,0.0,
52353,3007,833,0,171.13,0,0,0,2,Rust,Creative Commons Zero v1.0 Universal,0.0,0.0,0.0,0.0,0.0,0.0,0.0,0.0,0.0,0.0,
52349,4664,577,0,172.05,0,0,0,10,Go,MIT License,0.0,0.0,0.0,0.0,0.0,0.0,0.0,0.0,0.0,0.0,
52272,5335,1372,0,673.9,0,0,0,5,missing,MIT License,0.0,0.0,0.0,0.0,0.0,0.0,0.0,0.0,0.0,0.0,
52038,9668,1803,0,173.64,0,0,0,7,missing,Apache License 2.0,0.0,0.0,0.0,0.0,0.0,0.0,0.0,0.0,0.0,0.0,
52016,13438,1579,0,172.99,0,0,0,10,TypeScript,MIT License,0.0,0.0,0.0,0.0,0.0,0.0,0.0,0.0,0.0,0.0,
51859,1907,364,0,181.13,0,0,0,6,Go,MIT License,0.0,0.0,0.0,0.0,0.0,0.0,0.0,0.0,0.0,0.0,
51843,5161,290,0,173.41,0,0,0,0,Python,Apache License 2.0,0.0,0.0,0.0,0.0,0.0,0.0,0.0,0.0,0.0,0.0,
51730,4871,379,0,172.49,0,0,0,10,Python,Other,0.0,0.0,0.0,0.0,0.0,0.0,0.0,0.0,0.0,0.0,
51723,10420,1122,0,170.92,0,0,0,0,JavaScript,Apache License 2.0,0.0,0.0,0.0,0.0,0.0,0.0,0.0,0.0,0.0,0.0,
51681,6063,322,0,518.01,0,0,0,0,Jupyter Notebook,Apache License 2.0,0.0,0.0,0.0,0.0,0.0,0.0,0.0,0.0,0.0,0.0,
51447,8866,752,0,171.14,0,0,0,0,TypeScript,MIT License,0.0,0.0,0.0,0.0,0.0,0.0,0.0,0.0,0.0,0.0,
51283,2852,448,0,257.33,0,0,0,10,Shell,GNU General Public License v3.0,0.0,0.0,0.0,0.0,0.0,0.0,0.0,0.0,0.0,0.0,
51198,6675,1309,0,170.82,0,0,0,10,missing,GNU General Public License v2.0,0.0,0.0,0.0,0.0,0.0,0.0,0.0,0.0,0.0,0.0,
51198,4918,1286,0,447.87,0,0,0,10,JavaScript,MIT License,0.0,0.0,0.0,0.0,0.0,0.0,0.0,0.0,0.0,0.0,
51191,6002,1525,0,170.81,0,0,0,9,Kotlin,missing,0.0,0.0,0.0,0.0,0.0,0.0,0.0,0.0,0.0,0.0,
51149,3751,426,0,548.86,0,0,0,10,JavaScript,MIT License,0.0,0.0,0.0,0.0,0.0,0.0,0.0,0.0,0.0,0.0,
51085,5457,482,0,170.7,0,0,0,10,TypeScript,Other,0.0,0.0,0.0,0.0,0.0,0.0,0.0,0.0,0.0,0.0,
51060,11062,2352,0,171.19,0,0,0,2,Java,Apache License 2.0,0.0,0.0,0.0,0.0,0.0,0.0,0.0,0.0,0.0,0.0,
50902,4555,413,0,171.32,0,0,0,10,JavaScript,MIT License,0.0,0.0,0.0,0.0,0.0,0.0,0.0,0.0,0.0,0.0,
50835,2205,190,0,171.01,0,0,0,10,Rust,ISC License,0.0,0.0,0.0,0.0,0.0,0.0,0.0,0.0,0.0,0.0,
50748,2342,189,0,295.21,0,0,0,1,Shell,MIT License,0.0,0.0,0.0,0.0,0.0,0.0,0.0,0.0,0.0,0.0,
50521,5540,258,0,200.34,0,0,0,6,Python,MIT License,0.0,0.0,0.0,0.0,0.0,0.0,0.0,0.0,0.0,0.0,
50484,8362,636,0,537.57,0,0,0,0,Python,Apache License 2.0,0.0,0.0,0.0,0.0,0.0,0.0,0.0,0.0,0.0,0.0,
50482,11021,1032,0,170.97,0,0,0,8,JavaScript,MIT License,0.0,0.0,0.0,0.0,0.0,0.0,0.0,0.0,0.0,0.0,
50408,6017,496,0,170.72,0,0,0,10,Go,MIT License,0.0,0.0,0.0,0.0,0.0,0.0,0.0,0.0,0.0,0.0,
50297,2214,500,0,170.74,0,0,0,10,C++,GNU General Public License v2.0,0.0,0.0,0.0,0.0,0.0,0.0,0.0,0.0,0.0,0.0,
50264,30484,639,0,170.74,0,0,0,7,TypeScript,Other,0.0,0.0,0.0,0.0,0.0,0.0,0.0,0.0,0.0,0.0,
50192,2593,272,0,170.89,0,0,0,4,Go,MIT License,0.0,0.0,0.0,0.0,0.0,0.0,0.0,0.0,0.0,0.0,
50190,10162,1295,0,172.38,0,0,0,10,Go,Apache License 2.0,0.0,0.0,0.0,0.0,0.0,0.0,0.0,0.0,0.0,0.0,
50131,90466,516,0,170.71,0,0,0,10,missing,MIT License,0.0,0.0,0.0,0.0,0.0,0.0,0.0,0.0,0.0,0.0,
50007,10082,1152,0,322.34,0,0,0,6,JavaScript,MIT License,0.0,0.0,0.0,0.0,0.0,0.0,0.0,0.0,0.0,0.0,
49950,6894,276,0,170.94,0,0,0,0,TypeScript,Apache License 2.0,0.0,0.0,0.0,0.0,0.0,0.0,0.0,0.0,0.0,0.0,
49930,3939,582,0,236.06,0,0,0,5,CSS,MIT License,0.0,0.0,0.0,0.0,0.0,0.0,0.0,0.0,0.0,0.0,
49768,6924,1808,0,379.16,0,0,0,10,Swift,MIT License,0.0,0.0,0.0,0.0,0.0,0.0,0.0,0.0,0.0,0.0,
49673,21182,2202,0,173.24,0,0,0,5,Go,GNU Lesser General Public License v3.0,0.0,0.0,0.0,0.0,0.0,0.0,0.0,0.0,0.0,0.0,
49319,8639,397,0,184.17,0,0,0,0,Python,MIT License,0.0,0.0,0.0,0.0,0.0,0.0,0.0,0.0,0.0,0.0,
49256,7523,492,0,170.96,0,0,0,10,Python,Creative Commons Attribution 4.0 International,0.0,0.0,0.0,0.0,0.0,0.0,0.0,0.0,0.0,0.0,
49193,3815,907,0,202.11,0,0,0,7,JavaScript,MIT License,0.0,0.0,0.0,0.0,0.0,0.0,0.0,0.0,0.0,0.0,
49031,4708,488,0,587.24,0,0,0,10,JavaScript,MIT License,0.0,0.0,0.0,0.0,0.0,0.0,0.0,0.0,0.0,0.0,
48964,9359,870,0,258.84,0,0,0,10,Python,missing,0.0,0.0,0.0,0.0,0.0,0.0,0.0,0.0,0.0,0.0,
48934,7290,715,0,171.32,0,0,0,9,Ruby,GNU Affero General Public License v3.0,0.0,0.0,0.0,0.0,0.0,0.0,0.0,0.0,0.0,0.0,
48869,8895,1926,0,363.55,0,0,0,9,missing,GNU General Public License v3.0,0.0,0.0,0.0,0.0,0.0,0.0,0.0,0.0,0.0,0.0,
48845,3315,603,0,171.17,0,0,0,10,TypeScript,MIT License,0.0,0.0,0.0,0.0,0.0,0.0,0.0,0.0,0.0,0.0,
48654,6636,2074,0,848.87,0,0,0,0,JavaScript,missing,0.0,0.0,0.0,0.0,0.0,0.0,0.0,0.0,0.0,0.0,
48562,2281,262,0,173.28,0,0,0,6,Rust,GNU Affero General Public License v3.0,0.0,0.0,0.0,0.0,0.0,0.0,0.0,0.0,0.0,0.0,
48501,4991,335,0,172.71,0,0,0,10,JavaScript,MIT License,0.0,0.0,0.0,0.0,0.0,0.0,0.0,0.0,0.0,0.0,
48325,7819,1427,0,170.98,0,0,0,8,C#,MIT License,0.0,0.0,0.0,0.0,0.0,0.0,0.0,0.0,0.0,0.0,
48324,8008,218,0,173.18,0,0,0,6,Go,GNU Affero General Public License v3.0,0.0,0.0,0.0,0.0,0.0,0.0,0.0,0.0,0.0,0.0,
48272,7607,2194,0,180.46,0,0,0,4,Java,Apache License 2.0,0.0,0.0,0.0,0.0,0.0,0.0,0.0,0.0,0.0,0.0,
48185,2371,278,0,172.6,0,0,0,6,JavaScript,MIT License,0.0,0.0,0.0,0.0,0.0,0.0,0.0,0.0,0.0,0.0,
48093,7049,858,0,553.03,0,0,0,0,JavaScript,MIT License,0.0,0.0,0.0,0.0,0.0,0.0,0.0,0.0,0.0,0.0,
48070,11076,2438,0,782.42,0,0,0,10,missing,MIT License,0.0,0.0,0.0,0.0,0.0,0.0,0.0,0.0,0.0,0.0,
47958,3813,972,0,191.83,0,0,0,10,Python,MIT License,0.0,0.0,0.0,0.0,0.0,0.0,0.0,0.0,0.0,0.0,
47873,10758,430,0,276.55,0,0,0,0,Roff,missing,0.0,0.0,0.0,0.0,0.0,0.0,0.0,0.0,0.0,0.0,
47671,7408,1208,0,619.46,0,0,0,4,JavaScript,MIT License,0.0,0.0,0.0,0.0,0.0,0.0,0.0,0.0,0.0,0.0,
47575,5623,925,0,170.74,0,0,0,10,Julia,MIT License,0.0,0.0,0.0,0.0,0.0,0.0,0.0,0.0,0.0,0.0,
47398,2159,850,0,671.6,0,0,0,0,Python,MIT License,0.0,0.0,0.0,0.0,0.0,0.0,0.0,0.0,0.0,0.0,
47164,4058,744,0,173.92,0,0,0,10,Ruby,MIT License,0.0,0.0,0.0,0.0,0.0,0.0,0.0,0.0,0.0,0.0,
47122,2045,238,0,171.03,0,0,0,2,C++,"BSD 2-Clause ""Simplified"" License",0.0,0.0,0.0,0.0,0.0,0.0,0.0,0.0,0.0,0.0,
47030,7119,754,0,174.15,0,0,0,10,C++,MIT License,0.0,0.0,0.0,0.0,0.0,0.0,0.0,0.0,0.0,0.0,
46862,5744,927,0,174.71,0,0,0,9,JavaScript,MIT License,0.0,0.0,0.0,0.0,0.0,0.0,0.0,0.0,0.0,0.0,
46838,5039,1043,0,198.67,0,0,0,10,Go,MIT License,0.0,0.0,0.0,0.0,0.0,0.0,0.0,0.0,0.0,0.0,
46800,10681,1809,0,552.95,0,0,0,0,missing,MIT License,0.0,0.0,0.0,0.0,0.0,0.0,0.0,0.0,0.0,0.0,
46794,2586,2703,0,173.82,0,0,0,10,C++,Other,0.0,0.0,0.0,0.0,0.0,0.0,0.0,0.0,0.0,0.0,
46776,5437,1200,0,443.54,0,0,0,6,missing,missing,0.0,0.0,0.0,0.0,0.0,0.0,0.0,0.0,0.0,0.0,
46626,9242,1616,0,171.01,0,0,0,4,Kotlin,Apache License 2.0,0.0,0.0,0.0,0.0,0.0,0.0,0.0,0.0,0.0,0.0,
46581,4237,392,0,179.53,0,0,0,4,JavaScript,MIT License,0.0,0.0,0.0,0.0,0.0,0.0,0.0,0.0,0.0,0.0,
46472,3434,214,0,171.06,0,0,0,10,TypeScript,MIT License,0.0,0.0,0.0,0.0,0.0,0.0,0.0,0.0,0.0,0.0,
46468,10014,1140,0,172.94,0,0,0,5,Go,Other,0.0,0.0,0.0,0.0,0.0,0.0,0.0,0.0,0.0,0.0,
46449,18869,1113,0,172.98,0,0,0,6,Python,"BSD 3-Clause ""New"" or ""Revised"" License",0.0,0.0,0.0,0.0,0.0,0.0,0.0,0.0,0.0,0.0,
46374,5060,160,0,178.0,0,0,0,4,TypeScript,MIT License,0.0,0.0,0.0,0.0,0.0,0.0,0.0,0.0,0.0,0.0,
46349,8904,1344,0,190.28,0,0,0,8,Go,MIT License,0.0,0.0,0.0,0.0,0.0,0.0,0.0,0.0,0.0,0.0,
46326,5612,1431,0,171.2,0,0,0,10,missing,Creative Commons Zero v1.0 Universal,0.0,0.0,0.0,0.0,0.0,0.0,0.0,0.0,0.0,0.0,
46140,7417,374,0,390.29,0,0,0,0,Python,GNU General Public License v3.0,0.0,0.0,0.0,0.0,0.0,0.0,0.0,0.0,0.0,0.0,
46079,6262,892,0,176.78,0,0,0,3,missing,MIT License,0.0,0.0,0.0,0.0,0.0,0.0,0.0,0.0,0.0,0.0,
46019,3553,486,0,208.49,0,0,0,4,TypeScript,"BSD 3-Clause ""New"" or ""Revised"" License",0.0,0.0,0.0,0.0,0.0,0.0,0.0,0.0,0.0,0.0,
45976,6393,378,0,192.5,0,0,0,4,TypeScript,Apache License 2.0,0.0,0.0,0.0,0.0,0.0,0.0,0.0,0.0,0.0,0.0,
45873,1443,276,0,423.3,0,0,0,0,Go,MIT License,0.0,0.0,0.0,0.0,0.0,0.0,0.0,0.0,0.0,0.0,
45821,1487,211,0,200.15,0,0,0,6,JavaScript,Other,0.0,0.0,0.0,0.0,0.0,0.0,0.0,0.0,0.0,0.0,
45650,4885,986,0,173.13,0,0,0,10,TypeScript,MIT License,0.0,0.0,0.0,0.0,0.0,0.0,0.0,0.0,0.0,0.0,
45595,15133,930,0,314.49,0,0,0,0,missing,Apache License 2.0,0.0,0.0,0.0,0.0,0.0,0.0,0.0,0.0,0.0,0.0,
45355,29314,1528,0,170.71,0,0,0,7,Python,Other,0.0,0.0,0.0,0.0,0.0,0.0,0.0,0.0,0.0,0.0,
45343,18441,1811,0,601.94,0,0,0,6,Jupyter Notebook,MIT License,0.0,0.0,0.0,0.0,0.0,0.0,0.0,0.0,0.0,0.0,
45340,3636,758,0,555.17,0,0,0,5,missing,Creative Commons Zero v1.0 Universal,0.0,0.0,0.0,0.0,0.0,0.0,0.0,0.0,0.0,0.0,
45308,5238,815,0,172.93,0,0,0,4,Java,Apache License 2.0,0.0,0.0,0.0,0.0,0.0,0.0,0.0,0.0,0.0,0.0,
45263,11797,2395,0,171.36,0,0,0,3,Kotlin,Apache License 2.0,0.0,0.0,0.0,0.0,0.0,0.0,0.0,0.0,0.0,0.0,
45204,1206,119,0,172.98,0,0,0,3,Rust,Apache License 2.0,0.0,0.0,0.0,0.0,0.0,0.0,0.0,0.0,0.0,0.0,
45088,3814,529,0,171.03,0,0,0,10,Java,Apache License 2.0,0.0,0.0,0.0,0.0,0.0,0.0,0.0,0.0,0.0,0.0,
45035,10301,852,0,372.34,0,0,0,10,JavaScript,missing,0.0,0.0,0.0,0.0,0.0,0.0,0.0,0.0,0.0,0.0,
45032,2399,984,0,297.8,0,0,0,10,missing,Creative Commons Zero v1.0 Universal,0.0,0.0,0.0,0.0,0.0,0.0,0.0,0.0,0.0,0.0,
45016,6596,559,0,170.73,0,0,0,9,TypeScript,MIT License,0.0,0.0,0.0,0.0,0.0,0.0,0.0,0.0,0.0,0.0,
44999,8777,218,0,170.76,0,0,0,10,Python,GNU Affero General Public License v3.0,0.0,0.0,0.0,0.0,0.0,0.0,0.0,0.0,0.0,0.0,
44967,18261,1978,0,182.16,0,0,0,10,CSS,MIT License,0.0,0.0,0.0,0.0,0.0,0.0,0.0,0.0,0.0,0.0,
44954,8639,891,0,170.65,0,0,0,7,Ruby,GNU General Public License v2.0,0.0,0.0,0.0,0.0,0.0,0.0,0.0,0.0,0.0,0.0,
44889,3640,262,0,172.58,0,0,0,10,Python,Apache License 2.0,0.0,0.0,0.0,0.0,0.0,0.0,0.0,0.0,0.0,0.0,
44885,7530,2193,0,206.36,0,0,0,2,missing,Other,0.0,0.0,0.0,0.0,0.0,0.0,0.0,0.0,0.0,0.0,
44847,5767,350,0,170.73,0,0,0,0,Python,GNU Affero General Public License v3.0,0.0,0.0,0.0,0.0,0.0,0.0,0.0,0.0,0.0,0.0,
44760,2867,145,0,170.95,0,0,0,10,PHP,Apache License 2.0,0.0,0.0,0.0,0.0,0.0,0.0,0.0,0.0,0.0,0.0,
44727,5146,1986,0,638.29,0,0,0,4,missing,missing,0.0,0.0,0.0,0.0,0.0,0.0,0.0,0.0,0.0,0.0,
44688,5224,1519,0,173.47,0,0,0,10,JavaScript,Other,0.0,0.0,0.0,0.0,0.0,0.0,0.0,0.0,0.0,0.0,
44678,10468,734,0,170.71,0,0,0,5,Ruby,"BSD 2-Clause ""Simplified"" License",0.0,0.0,0.0,0.0,0.0,0.0,0.0,0.0,0.0,0.0,
44625,5007,1367,0,179.92,0,0,0,5,Java,Other,0.0,0.0,0.0,0.0,0.0,0.0,0.0,0.0,0.0,0.0,
44559,1162,160,0,176.35,0,0,0,9,JavaScript,Apache License 2.0,0.0,0.0,0.0,0.0,0.0,0.0,0.0,0.0,0.0,0.0,
44432,6369,591,0,170.66,0,0,0,10,Kotlin,GNU General Public License v3.0,0.0,0.0,0.0,0.0,0.0,0.0,0.0,0.0,0.0,0.0,
44231,3538,482,0,553.6,0,0,0,9,TypeScript,MIT License,0.0,0.0,0.0,0.0,0.0,0.0,0.0,0.0,0.0,0.0,
44143,5506,1952,0,206.17,0,0,0,0,CSS,Other,0.0,0.0,0.0,0.0,0.0,0.0,0.0,0.0,0.0,0.0,
44038,6571,739,0,542.87,0,0,0,10,JavaScript,MIT License,0.0,0.0,0.0,0.0,0.0,0.0,0.0,0.0,0.0,0.0,
43989,3140,174,0,171.22,0,0,0,10,Go,MIT License,0.0,0.0,0.0,0.0,0.0,0.0,0.0,0.0,0.0,0.0,
43988,6327,263,0,170.97,0,0,0,10,Python,MIT License,0.0,0.0,0.0,0.0,0.0,0.0,0.0,0.0,0.0,0.0,
43958,7447,417,0,435.75,0,0,0,0,Python,MIT License,0.0,0.0,0.0,0.0,0.0,0.0,0.0,0.0,0.0,0.0,
43937,2263,450,0,171.82,0,0,0,10,JavaScript,MIT License,0.0,0.0,0.0,0.0,0.0,0.0,0.0,0.0,0.0,0.0,
43926,3118,718,0,480.92,0,0,0,9,missing,missing,0.0,0.0,0.0,0.0,0.0,0.0,0.0,0.0,0.0,0.0,
43829,5343,488,0,174.51,0,0,0,10,Shell,GNU General Public License v3.0,0.0,0.0,0.0,0.0,0.0,0.0,0.0,0.0,0.0,0.0,
43797,10590,2330,0,647.71,0,0,0,0,Go,"BSD 3-Clause ""New"" or ""Revised"" License",0.0,0.0,0.0,0.0,0.0,0.0,0.0,0.0,0.0,0.0,
43781,3857,525,0,171.44,0,0,0,5,JavaScript,MIT License,0.0,0.0,0.0,0.0,0.0,0.0,0.0,0.0,0.0,0.0,
43757,2273,177,0,172.69,0,0,0,9,TypeScript,MIT License,0.0,0.0,0.0,0.0,0.0,0.0,0.0,0.0,0.0,0.0,
43731,15526,833,0,173.4,0,0,0,10,Java,Apache License 2.0,0.0,0.0,0.0,0.0,0.0,0.0,0.0,0.0,0.0,0.0,
43717,5744,802,0,173.23,0,0,0,7,TypeScript,MIT License,0.0,0.0,0.0,0.0,0.0,0.0,0.0,0.0,0.0,0.0,
43706,14860,2028,0,571.92,0,0,0,6,Jupyter Notebook,Other,0.0,0.0,0.0,0.0,0.0,0.0,0.0,0.0,0.0,0.0,
43700,7337,1549,0,171.25,0,0,0,2,HTML,Apache License 2.0,0.0,0.0,0.0,0.0,0.0,0.0,0.0,0.0,0.0,0.0,
43638,1845,232,0,172.14,0,0,0,10,TypeScript,Apache License 2.0,0.0,0.0,0.0,0.0,0.0,0.0,0.0,0.0,0.0,0.0,
43626,1357,125,0,181.68,0,0,0,0,Rust,Apache License 2.0,0.0,0.0,0.0,0.0,0.0,0.0,0.0,0.0,0.0,0.0,
43612,1371,115,0,171.74,0,0,0,2,TypeScript,Apache License 2.0,0.0,0.0,0.0,0.0,0.0,0.0,0.0,0.0,0.0,0.0,
43570,10874,1346,0,171.18,0,0,0,0,C++,Apache License 2.0,0.0,0.0,0.0,0.0,0.0,0.0,0.0,0.0,0.0,0.0,
43512,5996,896,0,173.5,0,0,0,3,JavaScript,"BSD 2-Clause ""Simplified"" License",0.0,0.0,0.0,0.0,0.0,0.0,0.0,0.0,0.0,0.0,
43486,3255,260,0,171.21,0,0,0,0,TypeScript,The Unlicense,0.0,0.0,0.0,0.0,0.0,0.0,0.0,0.0,0.0,0.0,
43477,5941,765,0,182.25,0,0,0,10,MDX,MIT License,0.0,0.0,0.0,0.0,0.0,0.0,0.0,0.0,0.0,0.0,
43471,5825,642,0,170.68,0,0,0,10,Clojure,Other,0.0,0.0,0.0,0.0,0.0,0.0,0.0,0.0,0.0,0.0,
43294,12104,870,0,170.77,0,0,0,10,TypeScript,Other,0.0,0.0,0.0,0.0,0.0,0.0,0.0,0.0,0.0,0.0,
43167,22109,325,0,171.28,0,0,0,10,TypeScript,Other,0.0,0.0,0.0,0.0,0.0,0.0,0.0,0.0,0.0,0.0,
43050,3851,334,0,174.76,0,0,0,3,C#,GNU General Public License v2.0,0.0,0.0,0.0,0.0,0.0,0.0,0.0,0.0,0.0,0.0,
43049,2818,1516,0,1582.8,0,0,0,10,JavaScript,GNU General Public License v3.0,0.0,0.0,0.0,0.0,0.0,0.0,0.0,0.0,0.0,0.0,
43036,3197,391,0,170.82,0,0,0,2,Roff,MIT License,0.0,0.0,0.0,0.0,0.0,0.0,0.0,0.0,0.0,0.0,
42888,10058,628,0,181.08,0,0,0,10,JavaScript,MIT License,0.0,0.0,0.0,0.0,0.0,0.0,0.0,0.0,0.0,0.0,
42846,4628,341,0,178.06,0,0,0,6,C++,MIT License,0.0,0.0,0.0,0.0,0.0,0.0,0.0,0.0,0.0,0.0,
42798,3517,179,0,173.31,0,0,0,10,Python,GNU Affero General Public License v3.0,0.0,0.0,0.0,0.0,0.0,0.0,0.0,0.0,0.0,0.0,
42787,8282,328,0,170.75,0,0,0,10,TypeScript,MIT License,0.0,0.0,0.0,0.0,0.0,0.0,0.0,0.0,0.0,0.0,
42624,3593,465,0,324.3,0,0,0,10,Go,MIT License,0.0,0.0,0.0,0.0,0.0,0.0,0.0,0.0,0.0,0.0,
42609,7604,688,0,170.99,0,0,0,10,C++,Apache License 2.0,0.0,0.0,0.0,0.0,0.0,0.0,0.0,0.0,0.0,0.0,
42584,6628,1249,0,549.56,0,0,0,10,Jupyter Notebook,MIT License,0.0,0.0,0.0,0.0,0.0,0.0,0.0,0.0,0.0,0.0,
42499,2655,640,0,173.21,0,0,0,10,JavaScript,Other,0.0,0.0,0.0,0.0,0.0,0.0,0.0,0.0,0.0,0.0,
42432,3209,649,0,312.81,0,0,0,0,missing,Creative Commons Attribution Share Alike 4.0 International,0.0,0.0,0.0,0.0,0.0,0.0,0.0,0.0,0.0,0.0,
42347,5544,322,0,551.24,0,0,0,10,Python,Mozilla Public License 2.0,0.0,0.0,0.0,0.0,0.0,0.0,0.0,0.0,0.0,0.0,
42244,5721,679,0,548.2,0,0,0,0,missing,missing,0.0,0.0,0.0,0.0,0.0,0.0,0.0,0.0,0.0,0.0,
42115,1510,91,0,170.71,0,0,0,10,Rust,MIT License,0.0,0.0,0.0,0.0,0.0,0.0,0.0,0.0,0.0,0.0,
42074,7638,1058,0,170.85,0,0,0,10,Swift,MIT License,0.0,0.0,0.0,0.0,0.0,0.0,0.0,0.0,0.0,0.0,
42035,3503,1275,0,171.19,0,0,0,3,missing,missing,0.0,0.0,0.0,0.0,0.0,0.0,0.0,0.0,0.0,0.0,
42022,7038,1627,0,214.74,0,0,0,3,Python,missing,0.0,0.0,0.0,0.0,0.0,0.0,0.0,0.0,0.0,0.0,
41909,8782,557,0,614.66,0,0,0,4,C++,missing,0.0,0.0,0.0,0.0,0.0,0.0,0.0,0.0,0.0,0.0,
41902,5146,246,0,179.33,0,0,0,10,JavaScript,GNU Affero General Public License v3.0,0.0,0.0,0.0,0.0,0.0,0.0,0.0,0.0,0.0,0.0,
41860,7779,218,0,171.26,0,0,0,10,JavaScript,MIT License,0.0,0.0,0.0,0.0,0.0,0.0,0.0,0.0,0.0,0.0,
41860,4416,688,0,170.72,0,0,0,10,Python,Other,0.0,0.0,0.0,0.0,0.0,0.0,0.0,0.0,0.0,0.0,
41809,15501,762,0,171.02,0,0,0,10,Python,Apache License 2.0,0.0,0.0,0.0,0.0,0.0,0.0,0.0,0.0,0.0,0.0,
41800,28763,2020,0,170.79,0,0,0,8,Scala,Apache License 2.0,0.0,0.0,0.0,0.0,0.0,0.0,0.0,0.0,0.0,0.0,
41755,8501,707,0,171.41,0,0,0,9,Python,GNU General Public License v3.0,0.0,0.0,0.0,0.0,0.0,0.0,0.0,0.0,0.0,0.0,
41743,2988,371,0,170.78,0,0,0,10,Go,Apache License 2.0,0.0,0.0,0.0,0.0,0.0,0.0,0.0,0.0,0.0,0.0,
41729,2672,540,0,171.68,0,0,0,6,Swift,GNU General Public License v3.0,0.0,0.0,0.0,0.0,0.0,0.0,0.0,0.0,0.0,0.0,
41645,5316,459,0,238.15,0,0,0,0,Python,MIT License,0.0,0.0,0.0,0.0,0.0,0.0,0.0,0.0,0.0,0.0,
41645,4969,1023,0,170.66,0,0,0,10,Lua,Apache License 2.0,0.0,0.0,0.0,0.0,0.0,0.0,0.0,0.0,0.0,0.0,
41610,4221,1383,0,335.38,0,0,0,10,missing,missing,0.0,0.0,0.0,0.0,0.0,0.0,0.0,0.0,0.0,0.0,
41559,2734,546,0,171.18,0,0,0,4,JavaScript,Other,0.0,0.0,0.0,0.0,0.0,0.0,0.0,0.0,0.0,0.0,
41506,2676,166,0,172.0,0,0,0,10,TypeScript,Other,0.0,0.0,0.0,0.0,0.0,0.0,0.0,0.0,0.0,0.0,
41430,4082,305,0,170.82,0,0,0,6,Rust,Apache License 2.0,0.0,0.0,0.0,0.0,0.0,0.0,0.0,0.0,0.0,0.0,
41400,2661,405,0,174.62,0,0,0,4,Python,MIT License,0.0,0.0,0.0,0.0,0.0,0.0,0.0,0.0,0.0,0.0,
41366,9739,681,0,188.81,0,0,0,8,JavaScript,MIT License,0.0,0.0,0.0,0.0,0.0,0.0,0.0,0.0,0.0,0.0,
41339,11579,1672,0,463.07,0,0,0,10,Python,Other,0.0,0.0,0.0,0.0,0.0,0.0,0.0,0.0,0.0,0.0,
41278,26537,3011,0,176.45,0,0,0,10,Java,Apache License 2.0,0.0,0.0,0.0,0.0,0.0,0.0,0.0,0.0,0.0,0.0,
41161,3685,323,0,171.2,0,0,0,8,Python,Apache License 2.0,0.0,0.0,0.0,0.0,0.0,0.0,0.0,0.0,0.0,0.0,
41158,2927,226,0,180.0,0,0,0,9,TypeScript,Apache License 2.0,0.0,0.0,0.0,0.0,0.0,0.0,0.0,0.0,0.0,0.0,
41157,12379,1482,0,313.21,0,0,0,7,Vue,GNU General Public License v2.0,0.0,0.0,0.0,0.0,0.0,0.0,0.0,0.0,0.0,0.0,
41121,4526,390,0,176.17,0,0,0,10,Python,Apache License 2.0,0.0,0.0,0.0,0.0,0.0,0.0,0.0,0.0,0.0,0.0,
41109,5212,396,0,601.58,0,0,0,0,Python,Apache License 2.0,0.0,0.0,0.0,0.0,0.0,0.0,0.0,0.0,0.0,0.0,
41092,1763,204,0,171.97,0,0,0,10,Dart,Other,0.0,0.0,0.0,0.0,0.0,0.0,0.0,0.0,0.0,0.0,
41086,3883,1559,0,173.06,0,0,0,6,JavaScript,MIT License,0.0,0.0,0.0,0.0,0.0,0.0,0.0,0.0,0.0,0.0,
41075,7646,482,0,211.52,0,0,0,3,HTML,Creative Commons Zero v1.0 Universal,0.0,0.0,0.0,0.0,0.0,0.0,0.0,0.0,0.0,0.0,
41074,3703,513,0,173.34,0,0,0,10,JavaScript,Apache License 2.0,0.0,0.0,0.0,0.0,0.0,0.0,0.0,0.0,0.0,0.0,
40898,2517,345,0,244.94,0,0,0,4,TypeScript,MIT License,0.0,0.0,0.0,0.0,0.0,0.0,0.0,0.0,0.0,0.0,
40875,2615,235,0,170.74,0,0,0,9,Python,MIT License,0.0,0.0,0.0,0.0,0.0,0.0,0.0,0.0,0.0,0.0,
40789,2982,383,0,170.8,0,0,0,3,Zig,MIT License,0.0,0.0,0.0,0.0,0.0,0.0,0.0,0.0,0.0,0.0,
40724,3487,291,0,181.28,0,0,0,0,C++,Other,0.0,0.0,0.0,0.0,0.0,0.0,0.0,0.0,0.0,0.0,
40710,7071,579,0,170.98,0,0,0,10,TypeScript,MIT License,0.0,0.0,0.0,0.0,0.0,0.0,0.0,0.0,0.0,0.0,
40703,4978,805,0,186.71,0,0,0,5,TypeScript,MIT License,0.0,0.0,0.0,0.0,0.0,0.0,0.0,0.0,0.0,0.0,
40619,3019,1551,0,170.74,0,0,0,4,missing,missing,0.0,0.0,0.0,0.0,0.0,0.0,0.0,0.0,0.0,0.0,
40494,7002,956,0,172.7,0,0,0,4,Go,MIT License,0.0,0.0,0.0,0.0,0.0,0.0,0.0,0.0,0.0,0.0,
40456,5929,727,0,194.86,0,0,0,10,Ruby,MIT License,0.0,0.0,0.0,0.0,0.0,0.0,0.0,0.0,0.0,0.0,
40357,7381,1200,0,171.21,0,0,0,10,Kotlin,missing,0.0,0.0,0.0,0.0,0.0,0.0,0.0,0.0,0.0,0.0,
40332,4283,627,0,171.92,0,0,0,10,Python,MIT License,0.0,0.0,0.0,0.0,0.0,0.0,0.0,0.0,0.0,0.0,
40119,1862,584,0,194.53,0,0,0,10,Python,MIT License,0.0,0.0,0.0,0.0,0.0,0.0,0.0,0.0,0.0,0.0,
40059,3565,761,0,813.6,0,0,0,10,Shell,MIT License,0.0,0.0,0.0,0.0,0.0,0.0,0.0,0.0,0.0,0.0,
40050,2174,233,0,171.21,0,0,0,7,Clojure,Mozilla Public License 2.0,0.0,0.0,0.0,0.0,0.0,0.0,0.0,0.0,0.0,0.0,
39993,4243,646,0,173.85,0,0,0,10,HTML,MIT License,0.0,0.0,0.0,0.0,0.0,0.0,0.0,0.0,0.0,0.0,
39941,4436,198,0,298.02,0,0,0,4,missing,missing,0.0,0.0,0.0,0.0,0.0,0.0,0.0,0.0,0.0,0.0,
39924,4531,354,0,170.7,0,0,0,10,Python,Apache License 2.0,0.0,0.0,0.0,0.0,0.0,0.0,0.0,0.0,0.0,0.0,
39907,7783,442,0,170.96,0,0,0,10,Jupyter Notebook,MIT License,0.0,0.0,0.0,0.0,0.0,0.0,0.0,0.0,0.0,0.0,
39784,1584,71,0,173.97,0,0,0,5,TypeScript,MIT License,0.0,0.0,0.0,0.0,0.0,0.0,0.0,0.0,0.0,0.0,
39703,3023,200,0,170.86,0,0,0,4,Rust,Mozilla Public License 2.0,0.0,0.0,0.0,0.0,0.0,0.0,0.0,0.0,0.0,0.0,
39688,3039,192,0,172.46,0,0,0,10,Python,Apache License 2.0,0.0,0.0,0.0,0.0,0.0,0.0,0.0,0.0,0.0,0.0,
39682,7001,495,0,171.19,0,0,0,0,Python,missing,0.0,0.0,0.0,0.0,0.0,0.0,0.0,0.0,0.0,0.0,
39656,9624,623,0,357.17,0,0,0,0,CSS,MIT License,0.0,0.0,0.0,0.0,0.0,0.0,0.0,0.0,0.0,0.0,
39644,4257,1123,0,202.97,0,0,0,3,missing,missing,0.0,0.0,0.0,0.0,0.0,0.0,0.0,0.0,0.0,0.0,
39639,4568,280,0,171.18,0,0,0,0,Kotlin,GNU General Public License v3.0,0.0,0.0,0.0,0.0,0.0,0.0,0.0,0.0,0.0,0.0,
39618,3472,201,0,171.17,0,0,0,10,TypeScript,MIT License,0.0,0.0,0.0,0.0,0.0,0.0,0.0,0.0,0.0,0.0,
39609,2125,325,0,172.1,0,0,0,0,PowerShell,MIT License,0.0,0.0,0.0,0.0,0.0,0.0,0.0,0.0,0.0,0.0,
39598,1644,147,0,182.44,0,0,0,6,TypeScript,MIT License,0.0,0.0,0.0,0.0,0.0,0.0,0.0,0.0,0.0,0.0,
39583,5733,293,0,252.47,0,0,0,7,Python,MIT License,0.0,0.0,0.0,0.0,0.0,0.0,0.0,0.0,0.0,0.0,
39474,9701,998,0,574.76,0,0,0,5,Python,Apache License 2.0,0.0,0.0,0.0,0.0,0.0,0.0,0.0,0.0,0.0,0.0,
39431,3015,749,0,781.31,0,0,0,0,C,Other,0.0,0.0,0.0,0.0,0.0,0.0,0.0,0.0,0.0,0.0,
39428,917,154,0,176.39,0,0,0,9,Rust,Apache License 2.0,0.0,0.0,0.0,0.0,0.0,0.0,0.0,0.0,0.0,0.0,
39412,9559,1106,0,240.05,0,0,0,0,HTML,missing,0.0,0.0,0.0,0.0,0.0,0.0,0.0,0.0,0.0,0.0,
39407,7936,1370,0,170.83,0,0,0,0,C,Other,0.0,0.0,0.0,0.0,0.0,0.0,0.0,0.0,0.0,0.0,
39382,1823,181,0,172.47,0,0,0,10,TypeScript,GNU Affero General Public License v3.0,0.0,0.0,0.0,0.0,0.0,0.0,0.0,0.0,0.0,0.0,
39289,2932,208,0,174.95,0,0,0,8,Shell,MIT License,0.0,0.0,0.0,0.0,0.0,0.0,0.0,0.0,0.0,0.0,
39266,1233,273,0,176.86,0,0,0,10,Go,MIT License,0.0,0.0,0.0,0.0,0.0,0.0,0.0,0.0,0.0,0.0,
39249,7344,2086,0,1179.19,0,0,0,1,Python,missing,0.0,0.0,0.0,0.0,0.0,0.0,0.0,0.0,0.0,0.0,
39238,4229,917,0,585.0,0,0,0,3,HTML,missing,0.0,0.0,0.0,0.0,0.0,0.0,0.0,0.0,0.0,0.0,
39102,4085,202,0,172.06,0,0,0,10,Python,Apache License 2.0,0.0,0.0,0.0,0.0,0.0,0.0,0.0,0.0,0.0,0.0,
39081,7514,1257,0,201.23,0,0,0,10,JavaScript,Other,0.0,0.0,0.0,0.0,0.0,0.0,0.0,0.0,0.0,0.0,
39047,4742,360,0,261.11,0,0,0,0,Python,Apache License 2.0,0.0,0.0,0.0,0.0,0.0,0.0,0.0,0.0,0.0,0.0,
39010,3608,520,0,172.29,0,0,0,9,Haskell,Other,0.0,0.0,0.0,0.0,0.0,0.0,0.0,0.0,0.0,0.0,
38973,4697,957,0,192.65,0,0,0,7,JavaScript,MIT License,0.0,0.0,0.0,0.0,0.0,0.0,0.0,0.0,0.0,0.0,
38962,6008,1237,0,173.31,0,0,0,10,Go,Apache License 2.0,0.0,0.0,0.0,0.0,0.0,0.0,0.0,0.0,0.0,0.0,
38869,5798,668,0,170.97,0,0,0,4,Vim Script,Vim License,0.0,0.0,0.0,0.0,0.0,0.0,0.0,0.0,0.0,0.0,
38787,4093,492,0,174.49,0,0,0,5,Go,MIT License,0.0,0.0,0.0,0.0,0.0,0.0,0.0,0.0,0.0,0.0,
38749,2255,438,0,176.37,0,0,0,0,C,Other,0.0,0.0,0.0,0.0,0.0,0.0,0.0,0.0,0.0,0.0,
38738,9404,272,0,194.63,0,0,0,10,Python,MIT License,0.0,0.0,0.0,0.0,0.0,0.0,0.0,0.0,0.0,0.0,
38724,6749,489,0,170.79,0,0,0,10,Python,Apache License 2.0,0.0,0.0,0.0,0.0,0.0,0.0,0.0,0.0,0.0,0.0,
38716,3754,1068,0,175.87,0,0,0,9,JavaScript,Creative Commons Zero v1.0 Universal,0.0,0.0,0.0,0.0,0.0,0.0,0.0,0.0,0.0,0.0,
38687,6840,779,0,170.85,0,0,0,10,C,Other,0.0,0.0,0.0,0.0,0.0,0.0,0.0,0.0,0.0,0.0,
38611,3741,745,0,184.38,0,0,0,8,C++,GNU General Public License v2.0,0.0,0.0,0.0,0.0,0.0,0.0,0.0,0.0,0.0,0.0,
38540,8480,368,0,170.66,0,0,0,10,TypeScript,MIT License,0.0,0.0,0.0,0.0,0.0,0.0,0.0,0.0,0.0,0.0,
38479,1528,157,0,170.83,0,0,0,10,Svelte,MIT License,0.0,0.0,0.0,0.0,0.0,0.0,0.0,0.0,0.0,0.0,
38473,13003,1258,0,201.82,0,0,0,3,HTML,Other,0.0,0.0,0.0,0.0,0.0,0.0,0.0,0.0,0.0,0.0,
38465,2647,140,0,170.73,0,0,0,10,TypeScript,GNU Affero General Public License v3.0,0.0,0.0,0.0,0.0,0.0,0.0,0.0,0.0,0.0,0.0,
38433,4605,337,0,548.42,0,0,0,0,Jupyter Notebook,MIT License,0.0,0.0,0.0,0.0,0.0,0.0,0.0,0.0,0.0,0.0,
38377,2406,399,0,170.76,0,0,0,10,C#,MIT License,0.0,0.0,0.0,0.0,0.0,0.0,0.0,0.0,0.0,0.0,
38368,3670,283,0,224.21,0,0,0,10,Python,Other,0.0,0.0,0.0,0.0,0.0,0.0,0.0,0.0,0.0,0.0,
38353,1404,90,0,171.28,0,0,0,6,TypeScript,MIT License,0.0,0.0,0.0,0.0,0.0,0.0,0.0,0.0,0.0,0.0,
38330,2286,233,0,171.43,0,0,0,10,Clojure,GNU Affero General Public License v3.0,0.0,0.0,0.0,0.0,0.0,0.0,0.0,0.0,0.0,0.0,
38317,7119,1192,0,180.1,0,0,0,10,JavaScript,MIT License,0.0,0.0,0.0,0.0,0.0,0.0,0.0,0.0,0.0,0.0,
38256,2131,335,0,173.41,0,0,0,8,Go,Other,0.0,0.0,0.0,0.0,0.0,0.0,0.0,0.0,0.0,0.0,
38129,5702,850,0,547.34,0,0,0,10,missing,missing,0.0,0.0,0.0,0.0,0.0,0.0,0.0,0.0,0.0,0.0,
38106,9052,1106,0,258.45,0,0,0,5,Java,Other,0.0,0.0,0.0,0.0,0.0,0.0,0.0,0.0,0.0,0.0,
38084,6642,1215,0,195.88,0,0,0,0,JavaScript,MIT License,0.0,0.0,0.0,0.0,0.0,0.0,0.0,0.0,0.0,0.0,
38064,8058,1320,0,384.02,0,0,0,0,C++,"BSD 3-Clause ""New"" or ""Revised"" License",0.0,0.0,0.0,0.0,0.0,0.0,0.0,0.0,0.0,0.0,
38014,1849,415,0,190.03,0,0,0,6,Haskell,GNU General Public License v3.0,0.0,0.0,0.0,0.0,0.0,0.0,0.0,0.0,0.0,0.0,
37920,2020,397,0,170.91,0,0,0,7,JavaScript,MIT License,0.0,0.0,0.0,0.0,0.0,0.0,0.0,0.0,0.0,0.0,
37864,8137,940,0,172.15,0,0,0,10,Python,MIT License,0.0,0.0,0.0,0.0,0.0,0.0,0.0,0.0,0.0,0.0,
37830,4207,294,0,171.18,0,0,0,10,TypeScript,Apache License 2.0,0.0,0.0,0.0,0.0,0.0,0.0,0.0,0.0,0.0,0.0,
37817,10380,177,0,170.65,0,0,0,10,TypeScript,Other,0.0,0.0,0.0,0.0,0.0,0.0,0.0,0.0,0.0,0.0,
37746,2150,572,0,569.92,0,0,0,8,JavaScript,MIT License,0.0,0.0,0.0,0.0,0.0,0.0,0.0,0.0,0.0,0.0,
37689,4109,174,0,170.85,0,0,0,10,TypeScript,Other,0.0,0.0,0.0,0.0,0.0,0.0,0.0,0.0,0.0,0.0,
37689,4551,326,0,679.12,0,0,0,10,missing,Other,0.0,0.0,0.0,0.0,0.0,0.0,0.0,0.0,0.0,0.0,
37687,4346,266,0,170.83,0,0,0,0,Rust,Apache License 2.0,0.0,0.0,0.0,0.0,0.0,0.0,0.0,0.0,0.0,0.0,
37687,4075,210,0,227.11,0,0,0,10,Python,GNU Affero General Public License v3.0,0.0,0.0,0.0,0.0,0.0,0.0,0.0,0.0,0.0,0.0,
37626,2572,736,0,211.6,0,0,0,10,missing,MIT License,0.0,0.0,0.0,0.0,0.0,0.0,0.0,0.0,0.0,0.0,
37624,6660,967,0,201.98,0,0,0,4,Python,missing,0.0,0.0,0.0,0.0,0.0,0.0,0.0,0.0,0.0,0.0,
37577,2221,194,0,173.32,0,0,0,6,TypeScript,Other,0.0,0.0,0.0,0.0,0.0,0.0,0.0,0.0,0.0,0.0,
37524,1852,281,0,171.15,0,0,0,10,Go,MIT License,0.0,0.0,0.0,0.0,0.0,0.0,0.0,0.0,0.0,0.0,
37479,1392,781,0,948.05,0,0,0,10,CSS,Other,0.0,0.0,0.0,0.0,0.0,0.0,0.0,0.0,0.0,0.0,
37470,8204,742,0,177.59,0,0,0,9,TypeScript,MIT License,0.0,0.0,0.0,0.0,0.0,0.0,0.0,0.0,0.0,0.0,
37460,3295,438,0,550.67,0,0,0,9,Python,Apache License 2.0,0.0,0.0,0.0,0.0,0.0,0.0,0.0,0.0,0.0,0.0,
37381,7162,441,0,183.83,0,0,0,6,Jupyter Notebook,missing,0.0,0.0,0.0,0.0,0.0,0.0,0.0,0.0,0.0,0.0,
37315,7081,293,0,172.21,0,0,0,10,TypeScript,MIT License,0.0,0.0,0.0,0.0,0.0,0.0,0.0,0.0,0.0,0.0,
37259,2477,672,0,171.22,0,0,0,10,Ruby,Mozilla Public License 2.0,0.0,0.0,0.0,0.0,0.0,0.0,0.0,0.0,0.0,0.0,
37257,1180,197,0,170.71,0,0,0,5,Rust,Apache License 2.0,0.0,0.0,0.0,0.0,0.0,0.0,0.0,0.0,0.0,0.0,
37247,54150,1494,0,170.95,0,0,0,0,Java,MIT License,0.0,0.0,0.0,0.0,0.0,0.0,0.0,0.0,0.0,0.0,
37220,2853,140,0,171.5,0,0,0,10,TypeScript,MIT License,0.0,0.0,0.0,0.0,0.0,0.0,0.0,0.0,0.0,0.0,
37201,8054,969,0,172.98,0,0,0,10,Go,Apache License 2.0,0.0,0.0,0.0,0.0,0.0,0.0,0.0,0.0,0.0,0.0,
37188,2580,161,0,172.98,0,0,0,10,Python,MIT License,0.0,0.0,0.0,0.0,0.0,0.0,0.0,0.0,0.0,0.0,
37145,2334,483,0,174.51,0,0,0,5,JavaScript,Apache License 2.0,0.0,0.0,0.0,0.0,0.0,0.0,0.0,0.0,0.0,0.0,
37095,3429,216,0,189.02,0,0,0,10,Python,Apache License 2.0,0.0,0.0,0.0,0.0,0.0,0.0,0.0,0.0,0.0,0.0,
37043,2121,249,0,174.03,0,0,0,10,TypeScript,Apache License 2.0,0.0,0.0,0.0,0.0,0.0,0.0,0.0,0.0,0.0,0.0,
37039,6183,518,0,571.97,0,0,0,7,Python,Other,0.0,0.0,0.0,0.0,0.0,0.0,0.0,0.0,0.0,0.0,
37024,10430,1433,0,170.98,0,0,0,4,C#,MIT License,0.0,0.0,0.0,0.0,0.0,0.0,0.0,0.0,0.0,0.0,
36995,2652,570,0,337.17,0,0,0,8,JavaScript,Do What The F*ck You Want To Public License,0.0,0.0,0.0,0.0,0.0,0.0,0.0,0.0,0.0,0.0,
36982,9448,1498,0,639.24,0,0,0,10,Python,missing,0.0,0.0,0.0,0.0,0.0,0.0,0.0,0.0,0.0,0.0,
36973,10500,1239,0,177.84,0,0,0,0,C++,"BSD 3-Clause ""New"" or ""Revised"" License",0.0,0.0,0.0,0.0,0.0,0.0,0.0,0.0,0.0,0.0,
36945,2281,157,0,171.53,0,0,0,10,TypeScript,GNU Affero General Public License v3.0,0.0,0.0,0.0,0.0,0.0,0.0,0.0,0.0,0.0,0.0,
36941,417,60,0,177.38,0,0,0,0,MDX,missing,0.0,0.0,0.0,0.0,0.0,0.0,0.0,0.0,0.0,0.0,
36904,601,93,0,209.99,0,0,0,0,Shell,MIT License,0.0,0.0,0.0,0.0,0.0,0.0,0.0,0.0,0.0,0.0,
36887,3365,314,0,170.71,0,0,0,10,Go,Apache License 2.0,0.0,0.0,0.0,0.0,0.0,0.0,0.0,0.0,0.0,0.0,
36868,4861,686,0,172.41,0,0,0,10,TypeScript,Other,0.0,0.0,0.0,0.0,0.0,0.0,0.0,0.0,0.0,0.0,
36858,4017,491,0,173.11,0,0,0,0,C++,MIT License,0.0,0.0,0.0,0.0,0.0,0.0,0.0,0.0,0.0,0.0,
36814,410,60,0,209.99,0,0,0,0,TypeScript,MIT License,0.0,0.0,0.0,0.0,0.0,0.0,0.0,0.0,0.0,0.0,
36763,10054,481,0,173.6,0,0,0,6,Java,GNU General Public License v3.0,0.0,0.0,0.0,0.0,0.0,0.0,0.0,0.0,0.0,0.0,
36709,8098,852,0,178.45,0,0,0,10,C++,Other,0.0,0.0,0.0,0.0,0.0,0.0,0.0,0.0,0.0,0.0,
36703,9165,2187,0,2269.56,0,0,0,0,TeX,missing,0.0,0.0,0.0,0.0,0.0,0.0,0.0,0.0,0.0,0.0,
36684,2201,473,0,171.01,0,0,0,4,V,MIT License,0.0,0.0,0.0,0.0,0.0,0.0,0.0,0.0,0.0,0.0,
36667,7574,1124,0,173.12,0,0,0,9,Java,Apache License 2.0,0.0,0.0,0.0,0.0,0.0,0.0,0.0,0.0,0.0,0.0,
36613,7802,1128,0,532.35,0,0,0,9,missing,missing,0.0,0.0,0.0,0.0,0.0,0.0,0.0,0.0,0.0,0.0,
36591,5261,308,0,460.54,0,0,0,6,Python,Other,0.0,0.0,0.0,0.0,0.0,0.0,0.0,0.0,0.0,0.0,
36588,2669,713,0,284.25,0,0,0,9,Python,Do What The F*ck You Want To Public License,0.0,0.0,0.0,0.0,0.0,0.0,0.0,0.0,0.0,0.0,
36548,1825,97,0,172.43,0,0,0,10,JavaScript,MIT License,0.0,0.0,0.0,0.0,0.0,0.0,0.0,0.0,0.0,0.0,
36530,3565,417,0,183.18,0,0,0,0,missing,missing,0.0,0.0,0.0,0.0,0.0,0.0,0.0,0.0,0.0,0.0,
36489,3758,89,0,428.02,0,0,0,10,Python,"BSD 3-Clause ""New"" or ""Revised"" License",0.0,0.0,0.0,0.0,0.0,0.0,0.0,0.0,0.0,0.0,
36455,8447,180,0,184.28,0,0,0,0,Python,Other,0.0,0.0,0.0,0.0,0.0,0.0,0.0,0.0,0.0,0.0,
36431,8689,1055,0,494.91,0,0,0,0,Python,Other,0.0,0.0,0.0,0.0,0.0,0.0,0.0,0.0,0.0,0.0,
36425,3497,200,0,182.39,0,0,0,10,TypeScript,GNU General Public License v3.0,0.0,0.0,0.0,0.0,0.0,0.0,0.0,0.0,0.0,0.0,
36382,4725,191,0,173.04,0,0,0,10,JavaScript,GNU Affero General Public License v3.0,0.0,0.0,0.0,0.0,0.0,0.0,0.0,0.0,0.0,0.0,
36376,3600,185,0,263.4,0,0,0,7,Python,MIT License,0.0,0.0,0.0,0.0,0.0,0.0,0.0,0.0,0.0,0.0,
36301,4870,318,0,170.79,0,0,0,5,Python,MIT License,0.0,0.0,0.0,0.0,0.0,0.0,0.0,0.0,0.0,0.0,
36265,8166,755,0,172.92,0,0,0,3,Jupyter Notebook,Apache License 2.0,0.0,0.0,0.0,0.0,0.0,0.0,0.0,0.0,0.0,0.0,
36260,1916,197,0,173.92,0,0,0,3,Rust,MIT License,0.0,0.0,0.0,0.0,0.0,0.0,0.0,0.0,0.0,0.0,
36249,14475,2057,0,170.68,0,0,0,1,Ruby,Other,0.0,0.0,0.0,0.0,0.0,0.0,0.0,0.0,0.0,0.0,
36225,3897,1204,0,551.63,0,0,0,0,Shell,Creative Commons Attribution 4.0 International,0.0,0.0,0.0,0.0,0.0,0.0,0.0,0.0,0.0,0.0,
36077,1068,64,0,336.98,0,0,0,0,HTML,Apache License 2.0,0.0,0.0,0.0,0.0,0.0,0.0,0.0,0.0,0.0,0.0,
36075,1843,210,0,187.75,0,0,0,8,TypeScript,MIT License,0.0,0.0,0.0,0.0,0.0,0.0,0.0,0.0,0.0,0.0,
36069,5497,715,0,173.34,0,0,0,5,Go,Apache License 2.0,0.0,0.0,0.0,0.0,0.0,0.0,0.0,0.0,0.0,0.0,
36066,11550,1559,0,220.76,0,0,0,2,Kotlin,Other,0.0,0.0,0.0,0.0,0.0,0.0,0.0,0.0,0.0,0.0,
36017,2273,251,0,196.03,0,0,0,5,TypeScript,MIT License,0.0,0.0,0.0,0.0,0.0,0.0,0.0,0.0,0.0,0.0,
35986,6011,296,0,330.09,0,0,0,10,TypeScript,Apache License 2.0,0.0,0.0,0.0,0.0,0.0,0.0,0.0,0.0,0.0,0.0,
35929,2994,151,0,173.6,0,0,0,10,Svelte,GNU Affero General Public License v3.0,0.0,0.0,0.0,0.0,0.0,0.0,0.0,0.0,0.0,0.0,
35907,3438,976,0,641.0,0,0,0,4,Python,Other,0.0,0.0,0.0,0.0,0.0,0.0,0.0,0.0,0.0,0.0,
35880,8001,605,0,671.41,0,0,0,10,missing,Apache License 2.0,0.0,0.0,0.0,0.0,0.0,0.0,0.0,0.0,0.0,0.0,
35874,2759,195,0,171.08,0,0,0,10,JavaScript,GNU Affero General Public License v3.0,0.0,0.0,0.0,0.0,0.0,0.0,0.0,0.0,0.0,0.0,
35869,1761,725,0,380.53,0,0,0,0,missing,missing,0.0,0.0,0.0,0.0,0.0,0.0,0.0,0.0,0.0,0.0,
35842,1054,75,0,170.79,0,0,0,4,C++,Mozilla Public License 2.0,0.0,0.0,0.0,0.0,0.0,0.0,0.0,0.0,0.0,0.0,
35838,11586,340,0,171.95,0,0,0,8,Jupyter Notebook,MIT License,0.0,0.0,0.0,0.0,0.0,0.0,0.0,0.0,0.0,0.0,
35755,6470,650,0,981.57,0,0,0,5,Java,missing,0.0,0.0,0.0,0.0,0.0,0.0,0.0,0.0,0.0,0.0,
35736,6436,349,0,172.58,0,0,0,10,TypeScript,MIT License,0.0,0.0,0.0,0.0,0.0,0.0,0.0,0.0,0.0,0.0,
35665,1961,248,0,171.82,0,0,0,9,JavaScript,MIT License,0.0,0.0,0.0,0.0,0.0,0.0,0.0,0.0,0.0,0.0,
35612,3222,822,0,179.02,0,0,0,1,JavaScript,MIT License,0.0,0.0,0.0,0.0,0.0,0.0,0.0,0.0,0.0,0.0,
35563,1860,1057,0,546.2,0,0,0,5,Ruby,missing,0.0,0.0,0.0,0.0,0.0,0.0,0.0,0.0,0.0,0.0,
35561,10753,1127,0,279.64,0,0,0,8,Python,Apache License 2.0,0.0,0.0,0.0,0.0,0.0,0.0,0.0,0.0,0.0,0.0,
35482,7773,883,0,181.57,0,0,0,5,HTML,Creative Commons Attribution Share Alike 4.0 International,0.0,0.0,0.0,0.0,0.0,0.0,0.0,0.0,0.0,0.0,
35481,5732,430,0,170.66,0,0,0,10,Python,Other,0.0,0.0,0.0,0.0,0.0,0.0,0.0,0.0,0.0,0.0,
35463,7232,826,0,235.71,0,0,0,10,JavaScript,GNU General Public License v3.0,0.0,0.0,0.0,0.0,0.0,0.0,0.0,0.0,0.0,0.0,
35459,5441,842,0,173.74,0,0,0,5,Java,Apache License 2.0,0.0,0.0,0.0,0.0,0.0,0.0,0.0,0.0,0.0,0.0,
35458,3461,391,0,175.2,0,0,0,6,TypeScript,Other,0.0,0.0,0.0,0.0,0.0,0.0,0.0,0.0,0.0,0.0,
35343,4020,1087,0,593.2,0,0,0,4,JavaScript,missing,0.0,0.0,0.0,0.0,0.0,0.0,0.0,0.0,0.0,0.0,
35323,1104,213,0,331.15,0,0,0,8,TypeScript,GNU Affero General Public License v3.0,0.0,0.0,0.0,0.0,0.0,0.0,0.0,0.0,0.0,0.0,
35287,2241,449,0,873.17,0,0,0,6,TypeScript,MIT License,0.0,0.0,0.0,0.0,0.0,0.0,0.0,0.0,0.0,0.0,
35205,4060,159,0,170.91,0,0,0,10,TypeScript,Other,0.0,0.0,0.0,0.0,0.0,0.0,0.0,0.0,0.0,0.0,
35191,1952,374,0,326.53,0,0,0,1,Vim Script,MIT License,0.0,0.0,0.0,0.0,0.0,0.0,0.0,0.0,0.0,0.0,
35174,6019,1108,0,171.3,0,0,0,9,Python,Other,0.0,0.0,0.0,0.0,0.0,0.0,0.0,0.0,0.0,0.0,
35142,5002,319,0,193.94,0,0,0,10,Python,Apache License 2.0,0.0,0.0,0.0,0.0,0.0,0.0,0.0,0.0,0.0,0.0,
35130,2371,171,0,171.87,0,0,0,8,Rust,Other,0.0,0.0,0.0,0.0,0.0,0.0,0.0,0.0,0.0,0.0,
35099,2430,772,0,174.14,0,0,0,8,missing,Creative Commons Zero v1.0 Universal,0.0,0.0,0.0,0.0,0.0,0.0,0.0,0.0,0.0,0.0,
35056,8172,754,0,174.22,0,0,0,6,JavaScript,MIT License,0.0,0.0,0.0,0.0,0.0,0.0,0.0,0.0,0.0,0.0,
35021,8591,1250,0,553.45,0,0,0,4,Go,missing,0.0,0.0,0.0,0.0,0.0,0.0,0.0,0.0,0.0,0.0,
34947,2727,230,0,171.08,0,0,0,10,Go,MIT License,0.0,0.0,0.0,0.0,0.0,0.0,0.0,0.0,0.0,0.0,
34946,6168,1032,0,170.83,0,0,0,5,Java,Other,0.0,0.0,0.0,0.0,0.0,0.0,0.0,0.0,0.0,0.0,
34944,4296,192,0,172.07,0,0,0,9,Python,Other,0.0,0.0,0.0,0.0,0.0,0.0,0.0,0.0,0.0,0.0,
34943,3248,610,0,170.74,0,0,0,10,Java,GNU General Public License v3.0,0.0,0.0,0.0,0.0,0.0,0.0,0.0,0.0,0.0,0.0,
34922,1032,176,0,170.71,0,0,0,0,Zig,MIT License,0.0,0.0,0.0,0.0,0.0,0.0,0.0,0.0,0.0,0.0,
34887,10986,1005,0,177.58,0,0,0,2,HTML,missing,0.0,0.0,0.0,0.0,0.0,0.0,0.0,0.0,0.0,0.0,
34857,9143,336,0,170.7,0,0,0,8,Java,Creative Commons Attribution Share Alike 4.0 International,0.0,0.0,0.0,0.0,0.0,0.0,0.0,0.0,0.0,0.0,
34856,2826,181,0,170.91,0,0,0,8,TypeScript,Other,0.0,0.0,0.0,0.0,0.0,0.0,0.0,0.0,0.0,0.0,
34839,9474,329,0,295.69,0,0,0,10,TypeScript,GNU General Public License v3.0,0.0,0.0,0.0,0.0,0.0,0.0,0.0,0.0,0.0,0.0,
34822,983,130,0,176.08,0,0,0,8,Go,MIT License,0.0,0.0,0.0,0.0,0.0,0.0,0.0,0.0,0.0,0.0,
34534,4482,1057,0,197.88,0,0,0,0,missing,missing,0.0,0.0,0.0,0.0,0.0,0.0,0.0,0.0,0.0,0.0,
34519,18617,2081,0,566.78,0,0,0,3,C++,Other,0.0,0.0,0.0,0.0,0.0,0.0,0.0,0.0,0.0,0.0,
34486,2798,214,0,177.02,0,0,0,10,Python,MIT License,0.0,0.0,0.0,0.0,0.0,0.0,0.0,0.0,0.0,0.0,
34454,2473,301,0,174.5,0,0,0,4,JavaScript,Other,0.0,0.0,0.0,0.0,0.0,0.0,0.0,0.0,0.0,0.0,
34426,3764,283,0,178.6,0,0,0,10,C#,GNU General Public License v3.0,0.0,0.0,0.0,0.0,0.0,0.0,0.0,0.0,0.0,0.0,
34402,3280,300,0,774.64,0,0,0,0,Python,Other,0.0,0.0,0.0,0.0,0.0,0.0,0.0,0.0,0.0,0.0,
34401,2415,186,0,177.03,0,0,0,5,Python,MIT License,0.0,0.0,0.0,0.0,0.0,0.0,0.0,0.0,0.0,0.0,
34392,16144,1710,0,172.33,0,0,0,0,Java,Apache License 2.0,0.0,0.0,0.0,0.0,0.0,0.0,0.0,0.0,0.0,0.0,
34378,7287,2033,0,551.89,0,0,0,0,missing,missing,0.0,0.0,0.0,0.0,0.0,0.0,0.0,0.0,0.0,0.0,
34357,6730,1271,0,546.36,0,0,0,0,Python,MIT License,0.0,0.0,0.0,0.0,0.0,0.0,0.0,0.0,0.0,0.0,
34304,1855,3431,0,566.69,0,0,0,0,missing,missing,0.0,0.0,0.0,0.0,0.0,0.0,0.0,0.0,0.0,0.0,
34292,2795,229,0,488.61,0,0,0,9,TypeScript,Apache License 2.0,0.0,0.0,0.0,0.0,0.0,0.0,0.0,0.0,0.0,0.0,
34284,2654,476,0,175.2,0,0,0,10,TypeScript,zlib License,0.0,0.0,0.0,0.0,0.0,0.0,0.0,0.0,0.0,0.0,
34256,5047,1261,0,672.34,0,0,0,10,missing,missing,0.0,0.0,0.0,0.0,0.0,0.0,0.0,0.0,0.0,0.0,
34253,3721,241,0,305.08,0,0,0,4,Python,MIT License,0.0,0.0,0.0,0.0,0.0,0.0,0.0,0.0,0.0,0.0,
34233,2351,244,0,275.16,0,0,0,2,missing,The Unlicense,0.0,0.0,0.0,0.0,0.0,0.0,0.0,0.0,0.0,0.0,
34231,14879,581,0,170.69,0,0,0,0,LLVM,Other,0.0,0.0,0.0,0.0,0.0,0.0,0.0,0.0,0.0,0.0,
34160,3950,415,0,195.96,0,0,0,2,JavaScript,MIT License,0.0,0.0,0.0,0.0,0.0,0.0,0.0,0.0,0.0,0.0,
34153,984,216,0,189.03,0,0,0,8,TypeScript,MIT License,0.0,0.0,0.0,0.0,0.0,0.0,0.0,0.0,0.0,0.0,
34102,6447,555,0,173.57,0,0,0,10,Markdown,MIT License,0.0,0.0,0.0,0.0,0.0,0.0,0.0,0.0,0.0,0.0,
34088,4028,197,0,188.14,0,0,0,9,Elixir,MIT License,0.0,0.0,0.0,0.0,0.0,0.0,0.0,0.0,0.0,0.0,
34062,1071,157,0,449.73,0,0,0,4,JavaScript,MIT License,0.0,0.0,0.0,0.0,0.0,0.0,0.0,0.0,0.0,0.0,
34047,9739,840,0,1053.61,0,0,0,0,Python,MIT License,0.0,0.0,0.0,0.0,0.0,0.0,0.0,0.0,0.0,0.0,
34033,2728,242,0,184.56,0,0,0,6,JavaScript,Other,0.0,0.0,0.0,0.0,0.0,0.0,0.0,0.0,0.0,0.0,
34027,11520,956,0,170.72,0,0,0,3,PHP,MIT License,0.0,0.0,0.0,0.0,0.0,0.0,0.0,0.0,0.0,0.0,
33883,2369,190,0,172.52,0,0,0,5,Python,MIT License,0.0,0.0,0.0,0.0,0.0,0.0,0.0,0.0,0.0,0.0,
33871,10988,1007,0,574.66,0,0,0,9,Java,MIT License,0.0,0.0,0.0,0.0,0.0,0.0,0.0,0.0,0.0,0.0,
33827,12708,2420,0,171.43,0,0,0,0,Python,MIT License,0.0,0.0,0.0,0.0,0.0,0.0,0.0,0.0,0.0,0.0,
33713,1912,185,0,239.07,0,0,0,6,Shell,MIT License,0.0,0.0,0.0,0.0,0.0,0.0,0.0,0.0,0.0,0.0,
33684,3744,378,0,281.37,0,0,0,0,missing,Creative Commons Zero v1.0 Universal,0.0,0.0,0.0,0.0,0.0,0.0,0.0,0.0,0.0,0.0,
33660,5772,626,0,434.5,0,0,0,10,Go,MIT License,0.0,0.0,0.0,0.0,0.0,0.0,0.0,0.0,0.0,0.0,
33657,18406,2042,0,688.37,0,0,0,0,Python,missing,0.0,0.0,0.0,0.0,0.0,0.0,0.0,0.0,0.0,0.0,
33627,10709,1170,0,552.3,0,0,0,10,Java,Apache License 2.0,0.0,0.0,0.0,0.0,0.0,0.0,0.0,0.0,0.0,0.0,
33603,7645,594,0,477.49,0,0,0,7,Java,Apache License 2.0,0.0,0.0,0.0,0.0,0.0,0.0,0.0,0.0,0.0,0.0,
33570,5721,626,0,392.46,0,0,0,10,JavaScript,GNU General Public License v3.0,0.0,0.0,0.0,0.0,0.0,0.0,0.0,0.0,0.0,0.0,
33556,9419,1653,0,176.18,0,0,0,8,Java,Apache License 2.0,0.0,0.0,0.0,0.0,0.0,0.0,0.0,0.0,0.0,0.0,
33548,10493,1587,0,1127.93,0,0,0,0,Objective-C,MIT License,0.0,0.0,0.0,0.0,0.0,0.0,0.0,0.0,0.0,0.0,
33548,7327,439,0,174.04,0,0,0,10,C++,missing,0.0,0.0,0.0,0.0,0.0,0.0,0.0,0.0,0.0,0.0,
33546,3448,540,0,171.9,0,0,0,10,C#,GNU General Public License v3.0,0.0,0.0,0.0,0.0,0.0,0.0,0.0,0.0,0.0,0.0,
33519,3134,766,0,175.8,0,0,0,10,missing,Apache License 2.0,0.0,0.0,0.0,0.0,0.0,0.0,0.0,0.0,0.0,0.0,
33508,7947,540,0,170.76,0,0,0,7,TypeScript,Other,0.0,0.0,0.0,0.0,0.0,0.0,0.0,0.0,0.0,0.0,
33460,1064,140,0,171.09,0,0,0,10,Swift,MIT License,0.0,0.0,0.0,0.0,0.0,0.0,0.0,0.0,0.0,0.0,
33418,5728,419,0,412.95,0,0,0,3,JavaScript,MIT License,0.0,0.0,0.0,0.0,0.0,0.0,0.0,0.0,0.0,0.0,
33346,5997,471,0,629.59,0,0,0,10,Go,GNU General Public License v3.0,0.0,0.0,0.0,0.0,0.0,0.0,0.0,0.0,0.0,0.0,
33328,3412,296,0,351.48,0,0,0,6,Python,Other,0.0,0.0,0.0,0.0,0.0,0.0,0.0,0.0,0.0,0.0,
33315,3145,327,0,170.9,0,0,0,1,Python,Apache License 2.0,0.0,0.0,0.0,0.0,0.0,0.0,0.0,0.0,0.0,0.0,
33305,7627,1624,0,176.71,0,0,0,5,Python,missing,0.0,0.0,0.0,0.0,0.0,0.0,0.0,0.0,0.0,0.0,
33284,2775,273,0,178.11,0,0,0,5,MDX,Creative Commons Zero v1.0 Universal,0.0,0.0,0.0,0.0,0.0,0.0,0.0,0.0,0.0,0.0,
33261,955,76,0,171.6,0,0,0,10,Python,Other,0.0,0.0,0.0,0.0,0.0,0.0,0.0,0.0,0.0,0.0,
33239,3405,364,0,171.07,0,0,0,5,JavaScript,MIT License,0.0,0.0,0.0,0.0,0.0,0.0,0.0,0.0,0.0,0.0,
33231,1563,252,0,171.81,0,0,0,10,TypeScript,GNU General Public License v2.0,0.0,0.0,0.0,0.0,0.0,0.0,0.0,0.0,0.0,0.0,
33216,1553,124,0,171.19,0,0,0,5,TypeScript,GNU General Public License v3.0,0.0,0.0,0.0,0.0,0.0,0.0,0.0,0.0,0.0,0.0,
33175,1510,370,0,171.64,0,0,0,7,C++,Other,0.0,0.0,0.0,0.0,0.0,0.0,0.0,0.0,0.0,0.0,
33166,2858,542,0,173.26,0,0,0,10,Go,Apache License 2.0,0.0,0.0,0.0,0.0,0.0,0.0,0.0,0.0,0.0,0.0,
33158,7577,1556,0,1347.4,0,0,0,0,JavaScript,MIT License,0.0,0.0,0.0,0.0,0.0,0.0,0.0,0.0,0.0,0.0,
33076,8571,1277,0,172.72,0,0,0,8,Java,Apache License 2.0,0.0,0.0,0.0,0.0,0.0,0.0,0.0,0.0,0.0,0.0,
33066,1779,496,0,182.15,0,0,0,0,TypeScript,MIT License,0.0,0.0,0.0,0.0,0.0,0.0,0.0,0.0,0.0,0.0,
33063,4209,1020,0,261.84,0,0,0,0,JavaScript,MIT License,0.0,0.0,0.0,0.0,0.0,0.0,0.0,0.0,0.0,0.0,
33032,4427,788,0,170.72,0,0,0,3,Go,Other,0.0,0.0,0.0,0.0,0.0,0.0,0.0,0.0,0.0,0.0,
33024,7108,250,0,171.25,0,0,0,8,Java,MIT License,0.0,0.0,0.0,0.0,0.0,0.0,0.0,0.0,0.0,0.0,
33015,2672,270,0,245.13,0,0,0,5,JavaScript,MIT License,0.0,0.0,0.0,0.0,0.0,0.0,0.0,0.0,0.0,0.0,
33007,8214,1182,0,554.71,0,0,0,6,C,GNU General Public License v2.0,0.0,0.0,0.0,0.0,0.0,0.0,0.0,0.0,0.0,0.0,
32975,8002,917,0,564.66,0,0,0,10,C++,Other,0.0,0.0,0.0,0.0,0.0,0.0,0.0,0.0,0.0,0.0,
32971,2957,226,0,724.34,0,0,0,0,Python,Apache License 2.0,0.0,0.0,0.0,0.0,0.0,0.0,0.0,0.0,0.0,0.0,
32835,3583,1657,0,625.8,0,0,0,0,Ruby,missing,0.0,0.0,0.0,0.0,0.0,0.0,0.0,0.0,0.0,0.0,
32830,7898,939,0,477.23,0,0,0,6,Swift,GNU General Public License v3.0,0.0,0.0,0.0,0.0,0.0,0.0,0.0,0.0,0.0,0.0,
32770,3475,125,0,170.74,0,0,0,8,TypeScript,MIT License,0.0,0.0,0.0,0.0,0.0,0.0,0.0,0.0,0.0,0.0,
32762,7489,510,0,178.7,0,0,0,10,C++,MIT License,0.0,0.0,0.0,0.0,0.0,0.0,0.0,0.0,0.0,0.0,
32761,4361,426,0,171.16,0,0,0,6,C++,Other,0.0,0.0,0.0,0.0,0.0,0.0,0.0,0.0,0.0,0.0,
32745,8300,1271,0,1505.57,0,0,0,0,TeX,missing,0.0,0.0,0.0,0.0,0.0,0.0,0.0,0.0,0.0,0.0,
32665,7768,392,0,174.8,0,0,0,0,Python,Apache License 2.0,0.0,0.0,0.0,0.0,0.0,0.0,0.0,0.0,0.0,0.0,
32657,1336,155,0,173.39,0,0,0,10,Rust,Apache License 2.0,0.0,0.0,0.0,0.0,0.0,0.0,0.0,0.0,0.0,0.0,
32633,2958,241,0,308.49,0,0,0,7,TypeScript,MIT License,0.0,0.0,0.0,0.0,0.0,0.0,0.0,0.0,0.0,0.0,
32541,4137,211,0,170.92,0,0,0,6,Python,Mozilla Public License 2.0,0.0,0.0,0.0,0.0,0.0,0.0,0.0,0.0,0.0,0.0,
32525,6901,524,0,216.33,0,0,0,6,Jupyter Notebook,missing,0.0,0.0,0.0,0.0,0.0,0.0,0.0,0.0,0.0,0.0,
32509,1181,145,0,170.74,0,0,0,8,TypeScript,MIT License,0.0,0.0,0.0,0.0,0.0,0.0,0.0,0.0,0.0,0.0,
32486,1660,326,0,175.62,0,0,0,1,C,Other,0.0,0.0,0.0,0.0,0.0,0.0,0.0,0.0,0.0,0.0,
32475,3978,147,0,171.16,0,0,0,10,Vue,GNU General Public License v3.0,0.0,0.0,0.0,0.0,0.0,0.0,0.0,0.0,0.0,0.0,
32466,2388,123,0,171.9,0,0,0,10,JavaScript,GNU Affero General Public License v3.0,0.0,0.0,0.0,0.0,0.0,0.0,0.0,0.0,0.0,0.0,
32459,2798,588,0,176.89,0,0,0,10,C,GNU General Public License v3.0,0.0,0.0,0.0,0.0,0.0,0.0,0.0,0.0,0.0,0.0,
32434,2542,233,0,171.35,0,0,0,5,C++,MIT License,0.0,0.0,0.0,0.0,0.0,0.0,0.0,0.0,0.0,0.0,
32423,3442,748,0,172.84,0,0,0,6,Python,Other,0.0,0.0,0.0,0.0,0.0,0.0,0.0,0.0,0.0,0.0,
32421,2688,137,0,170.74,0,0,0,10,TypeScript,MIT License,0.0,0.0,0.0,0.0,0.0,0.0,0.0,0.0,0.0,0.0,
32409,2887,153,0,170.66,0,0,0,9,TypeScript,Other,0.0,0.0,0.0,0.0,0.0,0.0,0.0,0.0,0.0,0.0,
32385,4574,567,0,266.1,0,0,0,10,Python,MIT License,0.0,0.0,0.0,0.0,0.0,0.0,0.0,0.0,0.0,0.0,
32348,4035,240,0,561.2,0,0,0,8,Python,"BSD 3-Clause ""New"" or ""Revised"" License",0.0,0.0,0.0,0.0,0.0,0.0,0.0,0.0,0.0,0.0,
32325,810,397,0,525.92,0,0,0,7,missing,missing,0.0,0.0,0.0,0.0,0.0,0.0,0.0,0.0,0.0,0.0,
32323,3632,397,0,196.38,0,0,0,7,JavaScript,Apache License 2.0,0.0,0.0,0.0,0.0,0.0,0.0,0.0,0.0,0.0,0.0,
32320,5877,518,0,180.83,0,0,0,0,JavaScript,MIT License,0.0,0.0,0.0,0.0,0.0,0.0,0.0,0.0,0.0,0.0,
32293,2648,163,0,171.16,0,0,0,10,TypeScript,MIT License,0.0,0.0,0.0,0.0,0.0,0.0,0.0,0.0,0.0,0.0,
32261,4974,1159,0,344.74,0,0,0,5,HTML,Apache License 2.0,0.0,0.0,0.0,0.0,0.0,0.0,0.0,0.0,0.0,0.0,
32258,3265,360,0,170.99,0,0,0,7,C++,"BSD 2-Clause ""Simplified"" License",0.0,0.0,0.0,0.0,0.0,0.0,0.0,0.0,0.0,0.0,
32230,4358,325,0,172.09,0,0,0,10,TypeScript,Other,0.0,0.0,0.0,0.0,0.0,0.0,0.0,0.0,0.0,0.0,
32225,5629,1165,0,170.65,0,0,0,2,Go,Other,0.0,0.0,0.0,0.0,0.0,0.0,0.0,0.0,0.0,0.0,
32189,9314,265,0,564.72,0,0,0,0,TypeScript,MIT License,0.0,0.0,0.0,0.0,0.0,0.0,0.0,0.0,0.0,0.0,
32149,3601,224,0,608.48,0,0,0,4,C,missing,0.0,0.0,0.0,0.0,0.0,0.0,0.0,0.0,0.0,0.0,
32125,1933,200,0,172.86,0,0,0,0,TypeScript,missing,0.0,0.0,0.0,0.0,0.0,0.0,0.0,0.0,0.0,0.0,
32111,2606,392,0,567.59,0,0,0,0,missing,Creative Commons Attribution Share Alike 4.0 International,0.0,0.0,0.0,0.0,0.0,0.0,0.0,0.0,0.0,0.0,
32030,2265,449,0,204.24,0,0,0,4,TypeScript,Apache License 2.0,0.0,0.0,0.0,0.0,0.0,0.0,0.0,0.0,0.0,0.0,
32021,1577,144,0,175.91,0,0,0,9,Rust,Other,0.0,0.0,0.0,0.0,0.0,0.0,0.0,0.0,0.0,0.0,
32012,2299,147,0,174.99,0,0,0,7,Python,MIT License,0.0,0.0,0.0,0.0,0.0,0.0,0.0,0.0,0.0,0.0,
32005,13135,911,0,174.5,0,0,0,10,Java,Apache License 2.0,0.0,0.0,0.0,0.0,0.0,0.0,0.0,0.0,0.0,0.0,
31994,10041,1387,0,173.69,0,0,0,8,Python,MIT License,0.0,0.0,0.0,0.0,0.0,0.0,0.0,0.0,0.0,0.0,
31944,11131,206,0,551.1,0,0,0,0,Vue,MIT License,0.0,0.0,0.0,0.0,0.0,0.0,0.0,0.0,0.0,0.0,
31914,1445,301,0,175.1,0,0,0,10,Rust,Apache License 2.0,0.0,0.0,0.0,0.0,0.0,0.0,0.0,0.0,0.0,0.0,
31894,4873,446,0,172.71,0,0,0,10,Go,MIT License,0.0,0.0,0.0,0.0,0.0,0.0,0.0,0.0,0.0,0.0,
31891,3110,505,0,173.03,0,0,0,8,C,Other,0.0,0.0,0.0,0.0,0.0,0.0,0.0,0.0,0.0,0.0,
31875,1276,217,0,191.11,0,0,0,10,TypeScript,MIT License,0.0,0.0,0.0,0.0,0.0,0.0,0.0,0.0,0.0,0.0,
31853,5127,1713,0,282.39,0,0,0,7,missing,Do What The F*ck You Want To Public License,0.0,0.0,0.0,0.0,0.0,0.0,0.0,0.0,0.0,0.0,
31828,8964,1371,0,171.11,0,0,0,10,Java,Apache License 2.0,0.0,0.0,0.0,0.0,0.0,0.0,0.0,0.0,0.0,0.0,
31797,11903,3540,0,200.1,0,0,0,2,missing,Apache License 2.0,0.0,0.0,0.0,0.0,0.0,0.0,0.0,0.0,0.0,0.0,
31792,2032,477,0,191.25,0,0,0,10,Python,Apache License 2.0,0.0,0.0,0.0,0.0,0.0,0.0,0.0,0.0,0.0,0.0,
31763,4455,208,0,451.12,0,0,0,10,Python,MIT License,0.0,0.0,0.0,0.0,0.0,0.0,0.0,0.0,0.0,0.0,
31762,689,296,0,172.52,0,0,0,8,TypeScript,MIT License,0.0,0.0,0.0,0.0,0.0,0.0,0.0,0.0,0.0,0.0,
31758,6597,427,0,252.84,0,0,0,3,Python,MIT License,0.0,0.0,0.0,0.0,0.0,0.0,0.0,0.0,0.0,0.0,
31707,4194,310,0,171.1,0,0,0,10,Go,MIT License,0.0,0.0,0.0,0.0,0.0,0.0,0.0,0.0,0.0,0.0,
31686,1646,254,0,181.47,0,0,0,9,TypeScript,MIT License,0.0,0.0,0.0,0.0,0.0,0.0,0.0,0.0,0.0,0.0,
31675,2821,320,0,175.42,0,0,0,10,TypeScript,Apache License 2.0,0.0,0.0,0.0,0.0,0.0,0.0,0.0,0.0,0.0,0.0,
31675,8243,625,0,918.32,0,0,0,4,Python,MIT License,0.0,0.0,0.0,0.0,0.0,0.0,0.0,0.0,0.0,0.0,
31623,9724,370,0,546.66,0,0,0,10,Python,Apache License 2.0,0.0,0.0,0.0,0.0,0.0,0.0,0.0,0.0,0.0,0.0,
31587,4644,222,0,175.59,0,0,0,10,Vue,MIT License,0.0,0.0,0.0,0.0,0.0,0.0,0.0,0.0,0.0,0.0,
31585,2678,232,0,170.7,0,0,0,0,TypeScript,MIT License,0.0,0.0,0.0,0.0,0.0,0.0,0.0,0.0,0.0,0.0,
31527,1937,763,0,199.34,0,0,0,10,missing,Creative Commons Zero v1.0 Universal,0.0,0.0,0.0,0.0,0.0,0.0,0.0,0.0,0.0,0.0,
31503,4883,504,0,580.44,0,0,0,3,TypeScript,MIT License,0.0,0.0,0.0,0.0,0.0,0.0,0.0,0.0,0.0,0.0,
31492,1725,192,0,196.38,0,0,0,10,Go,Apache License 2.0,0.0,0.0,0.0,0.0,0.0,0.0,0.0,0.0,0.0,0.0,
31489,3091,135,0,171.24,0,0,0,3,TypeScript,MIT License,0.0,0.0,0.0,0.0,0.0,0.0,0.0,0.0,0.0,0.0,
31467,2284,528,0,173.13,0,0,0,10,Go,MIT License,0.0,0.0,0.0,0.0,0.0,0.0,0.0,0.0,0.0,0.0,
31465,7312,779,0,500.4,0,0,0,0,Vim Script,MIT License,0.0,0.0,0.0,0.0,0.0,0.0,0.0,0.0,0.0,0.0,
31436,3005,450,0,359.88,0,0,0,2,TypeScript,Apache License 2.0,0.0,0.0,0.0,0.0,0.0,0.0,0.0,0.0,0.0,0.0,
31379,3238,503,0,170.66,0,0,0,7,Rust,Mozilla Public License 2.0,0.0,0.0,0.0,0.0,0.0,0.0,0.0,0.0,0.0,0.0,
31377,2923,450,0,226.35,0,0,0,0,JavaScript,MIT License,0.0,0.0,0.0,0.0,0.0,0.0,0.0,0.0,0.0,0.0,
31365,4476,755,0,663.81,0,0,0,1,Assembly,MIT License,0.0,0.0,0.0,0.0,0.0,0.0,0.0,0.0,0.0,0.0,
31348,1915,132,0,170.72,0,0,0,10,Python,GNU General Public License v3.0,0.0,0.0,0.0,0.0,0.0,0.0,0.0,0.0,0.0,0.0,
31345,2031,127,0,173.35,0,0,0,10,TypeScript,MIT License,0.0,0.0,0.0,0.0,0.0,0.0,0.0,0.0,0.0,0.0,
31295,2978,313,0,171.11,0,0,0,10,JavaScript,MIT License,0.0,0.0,0.0,0.0,0.0,0.0,0.0,0.0,0.0,0.0,
31244,3962,677,0,170.73,0,0,0,6,Go,Other,0.0,0.0,0.0,0.0,0.0,0.0,0.0,0.0,0.0,0.0,
31243,6752,240,0,171.26,0,0,0,8,TypeScript,Apache License 2.0,0.0,0.0,0.0,0.0,0.0,0.0,0.0,0.0,0.0,0.0,
31194,2034,232,0,492.94,0,0,0,0,missing,missing,0.0,0.0,0.0,0.0,0.0,0.0,0.0,0.0,0.0,0.0,
31182,2705,794,0,333.59,0,0,0,3,missing,Apache License 2.0,0.0,0.0,0.0,0.0,0.0,0.0,0.0,0.0,0.0,0.0,
31160,867,59,0,203.24,0,0,0,10,Jupyter Notebook,MIT License,0.0,0.0,0.0,0.0,0.0,0.0,0.0,0.0,0.0,0.0,
31158,3433,1338,0,172.36,0,0,0,3,Python,Other,0.0,0.0,0.0,0.0,0.0,0.0,0.0,0.0,0.0,0.0,
31147,5502,522,0,171.85,0,0,0,10,C++,Apache License 2.0,0.0,0.0,0.0,0.0,0.0,0.0,0.0,0.0,0.0,0.0,
31098,726,113,0,171.15,0,0,0,6,TypeScript,MIT License,0.0,0.0,0.0,0.0,0.0,0.0,0.0,0.0,0.0,0.0,
31096,1992,348,0,174.16,0,0,0,10,Shell,MIT License,0.0,0.0,0.0,0.0,0.0,0.0,0.0,0.0,0.0,0.0,
31091,3309,299,0,172.29,0,0,0,8,TypeScript,MIT License,0.0,0.0,0.0,0.0,0.0,0.0,0.0,0.0,0.0,0.0,
31045,4686,1225,0,343.23,0,0,0,3,missing,missing,0.0,0.0,0.0,0.0,0.0,0.0,0.0,0.0,0.0,0.0,
31045,2716,186,0,170.66,0,0,0,9,Go,GNU General Public License v3.0,0.0,0.0,0.0,0.0,0.0,0.0,0.0,0.0,0.0,0.0,
31042,1350,233,0,172.81,0,0,0,10,JavaScript,Apache License 2.0,0.0,0.0,0.0,0.0,0.0,0.0,0.0,0.0,0.0,0.0,
31020,1846,150,0,170.66,0,0,0,8,Rust,Apache License 2.0,0.0,0.0,0.0,0.0,0.0,0.0,0.0,0.0,0.0,0.0,
31012,2148,192,0,183.88,0,0,0,5,Python,Mozilla Public License 2.0,0.0,0.0,0.0,0.0,0.0,0.0,0.0,0.0,0.0,0.0,
30993,885,162,0,207.84,0,0,0,10,Swift,MIT License,0.0,0.0,0.0,0.0,0.0,0.0,0.0,0.0,0.0,0.0,
30982,3472,333,0,172.5,0,0,0,7,Go,Apache License 2.0,0.0,0.0,0.0,0.0,0.0,0.0,0.0,0.0,0.0,0.0,
30970,8709,671,0,561.95,0,0,0,3,Shell,MIT License,0.0,0.0,0.0,0.0,0.0,0.0,0.0,0.0,0.0,0.0,
30968,1233,252,0,174.33,0,0,0,7,Go,MIT License,0.0,0.0,0.0,0.0,0.0,0.0,0.0,0.0,0.0,0.0,
30959,4538,364,0,171.16,0,0,0,10,Go,Mozilla Public License 2.0,0.0,0.0,0.0,0.0,0.0,0.0,0.0,0.0,0.0,0.0,
30955,19563,730,0,171.36,0,0,0,5,C,Other,0.0,0.0,0.0,0.0,0.0,0.0,0.0,0.0,0.0,0.0,
30890,1947,152,0,172.14,0,0,0,8,Go,Apache License 2.0,0.0,0.0,0.0,0.0,0.0,0.0,0.0,0.0,0.0,0.0,
30886,7871,1580,0,1000.36,0,0,0,0,PHP,MIT License,0.0,0.0,0.0,0.0,0.0,0.0,0.0,0.0,0.0,0.0,
30876,5049,481,0,173.9,0,0,0,6,Go,Apache License 2.0,0.0,0.0,0.0,0.0,0.0,0.0,0.0,0.0,0.0,0.0,
30845,1650,175,0,171.73,0,0,0,4,Go,"BSD 3-Clause ""New"" or ""Revised"" License",0.0,0.0,0.0,0.0,0.0,0.0,0.0,0.0,0.0,0.0,
30832,1781,152,0,170.9,0,0,0,10,Python,GNU Affero General Public License v3.0,0.0,0.0,0.0,0.0,0.0,0.0,0.0,0.0,0.0,0.0,
30800,1796,633,0,206.33,0,0,0,9,missing,Other,0.0,0.0,0.0,0.0,0.0,0.0,0.0,0.0,0.0,0.0,
30796,964,175,0,170.98,0,0,0,6,Python,MIT License,0.0,0.0,0.0,0.0,0.0,0.0,0.0,0.0,0.0,0.0,
30791,14600,1054,0,171.61,0,0,0,2,Java,Apache License 2.0,0.0,0.0,0.0,0.0,0.0,0.0,0.0,0.0,0.0,0.0,
30783,2106,287,0,171.1,0,0,0,4,Rust,Other,0.0,0.0,0.0,0.0,0.0,0.0,0.0,0.0,0.0,0.0,
30751,2196,250,0,294.04,0,0,0,8,TypeScript,Apache License 2.0,0.0,0.0,0.0,0.0,0.0,0.0,0.0,0.0,0.0,0.0,
30732,8069,1300,0,561.4,0,0,0,0,Kotlin,Apache License 2.0,0.0,0.0,0.0,0.0,0.0,0.0,0.0,0.0,0.0,0.0,
30708,4571,964,0,650.78,0,0,0,10,Python,Other,0.0,0.0,0.0,0.0,0.0,0.0,0.0,0.0,0.0,0.0,
30700,3744,406,0,264.93,0,0,0,10,JavaScript,MIT License,0.0,0.0,0.0,0.0,0.0,0.0,0.0,0.0,0.0,0.0,
30659,2038,281,0,170.9,0,0,0,10,TypeScript,GNU Affero General Public License v3.0,0.0,0.0,0.0,0.0,0.0,0.0,0.0,0.0,0.0,0.0,
30657,1516,371,0,170.8,0,0,0,9,Swift,Apache License 2.0,0.0,0.0,0.0,0.0,0.0,0.0,0.0,0.0,0.0,0.0,
30651,2505,280,0,174.88,0,0,0,2,Go,Apache License 2.0,0.0,0.0,0.0,0.0,0.0,0.0,0.0,0.0,0.0,0.0,
30643,4417,544,0,170.74,0,0,0,10,PHP,GNU Affero General Public License v3.0,0.0,0.0,0.0,0.0,0.0,0.0,0.0,0.0,0.0,0.0,
30610,6429,522,0,170.96,0,0,0,6,Jupyter Notebook,MIT License,0.0,0.0,0.0,0.0,0.0,0.0,0.0,0.0,0.0,0.0,
30603,1996,258,0,333.81,0,0,0,0,Python,GNU General Public License v3.0,0.0,0.0,0.0,0.0,0.0,0.0,0.0,0.0,0.0,0.0,
30585,12350,1318,0,823.06,0,0,0,10,Java,missing,0.0,0.0,0.0,0.0,0.0,0.0,0.0,0.0,0.0,0.0,
30580,1496,96,0,171.04,0,0,0,10,Kotlin,GNU General Public License v3.0,0.0,0.0,0.0,0.0,0.0,0.0,0.0,0.0,0.0,0.0,
30567,5636,586,0,175.09,0,0,0,7,C++,MIT License,0.0,0.0,0.0,0.0,0.0,0.0,0.0,0.0,0.0,0.0,
30557,3639,721,0,172.69,0,0,0,8,Rust,Apache License 2.0,0.0,0.0,0.0,0.0,0.0,0.0,0.0,0.0,0.0,0.0,
30531,6271,220,0,170.81,0,0,0,10,Python,Apache License 2.0,0.0,0.0,0.0,0.0,0.0,0.0,0.0,0.0,0.0,0.0,
30523,4728,481,0,176.25,0,0,0,1,JavaScript,MIT License,0.0,0.0,0.0,0.0,0.0,0.0,0.0,0.0,0.0,0.0,
30519,9683,1061,0,171.53,0,0,0,7,PHP,MIT License,0.0,0.0,0.0,0.0,0.0,0.0,0.0,0.0,0.0,0.0,
30491,5488,123,0,172.24,0,0,0,5,TypeScript,MIT License,0.0,0.0,0.0,0.0,0.0,0.0,0.0,0.0,0.0,0.0,
30488,3726,327,0,575.68,0,0,0,2,Jupyter Notebook,MIT License,0.0,0.0,0.0,0.0,0.0,0.0,0.0,0.0,0.0,0.0,
30443,3624,186,0,171.13,0,0,0,9,TypeScript,MIT License,0.0,0.0,0.0,0.0,0.0,0.0,0.0,0.0,0.0,0.0,
30418,6595,987,0,173.49,0,0,0,2,C++,GNU General Public License v2.0,0.0,0.0,0.0,0.0,0.0,0.0,0.0,0.0,0.0,0.0,
30411,3279,1679,0,527.68,0,0,0,3,JavaScript,missing,0.0,0.0,0.0,0.0,0.0,0.0,0.0,0.0,0.0,0.0,
30405,2776,669,0,171.3,0,0,0,10,JavaScript,MIT License,0.0,0.0,0.0,0.0,0.0,0.0,0.0,0.0,0.0,0.0,
30370,3198,386,0,231.5,0,0,0,10,Go,MIT License,0.0,0.0,0.0,0.0,0.0,0.0,0.0,0.0,0.0,0.0,
30357,3587,470,0,175.39,0,0,0,0,TypeScript,Other,0.0,0.0,0.0,0.0,0.0,0.0,0.0,0.0,0.0,0.0,
30344,1399,211,0,272.24,0,0,0,10,Python,Other,0.0,0.0,0.0,0.0,0.0,0.0,0.0,0.0,0.0,0.0,
30342,5820,267,0,171.28,0,0,0,8,JavaScript,MIT License,0.0,0.0,0.0,0.0,0.0,0.0,0.0,0.0,0.0,0.0,
30341,7419,938,0,171.08,0,0,0,7,JavaScript,MIT License,0.0,0.0,0.0,0.0,0.0,0.0,0.0,0.0,0.0,0.0,
30324,1267,157,0,172.81,0,0,0,10,Rust,Apache License 2.0,0.0,0.0,0.0,0.0,0.0,0.0,0.0,0.0,0.0,0.0,
30315,15837,362,0,721.63,0,0,0,6,missing,missing,0.0,0.0,0.0,0.0,0.0,0.0,0.0,0.0,0.0,0.0,
30300,4126,322,0,509.6,0,0,0,0,missing,missing,0.0,0.0,0.0,0.0,0.0,0.0,0.0,0.0,0.0,0.0,
30275,11279,599,0,173.63,0,0,0,2,Python,Other,0.0,0.0,0.0,0.0,0.0,0.0,0.0,0.0,0.0,0.0,
30252,1318,220,0,171.13,0,0,0,0,HTML,MIT License,0.0,0.0,0.0,0.0,0.0,0.0,0.0,0.0,0.0,0.0,
30225,2534,965,0,780.65,0,0,0,10,JavaScript,MIT License,0.0,0.0,0.0,0.0,0.0,0.0,0.0,0.0,0.0,0.0,
30220,1935,683,0,175.66,0,0,0,10,missing,missing,0.0,0.0,0.0,0.0,0.0,0.0,0.0,0.0,0.0,0.0,
30206,1045,116,0,171.39,0,0,0,10,Rust,Apache License 2.0,0.0,0.0,0.0,0.0,0.0,0.0,0.0,0.0,0.0,0.0,
30193,2083,322,0,173.15,0,0,0,10,TypeScript,MIT License,0.0,0.0,0.0,0.0,0.0,0.0,0.0,0.0,0.0,0.0,
30182,4223,567,0,174.29,0,0,0,7,Python,Creative Commons Attribution Share Alike 4.0 International,0.0,0.0,0.0,0.0,0.0,0.0,0.0,0.0,0.0,0.0,
30168,6848,273,0,548.21,0,0,0,2,Python,GNU General Public License v3.0,0.0,0.0,0.0,0.0,0.0,0.0,0.0,0.0,0.0,0.0,
30145,4300,404,0,171.31,0,0,0,10,TypeScript,MIT License,0.0,0.0,0.0,0.0,0.0,0.0,0.0,0.0,0.0,0.0,
30142,9133,850,0,170.78,0,0,0,6,Markdown,Apache License 2.0,0.0,0.0,0.0,0.0,0.0,0.0,0.0,0.0,0.0,0.0,
30132,4045,342,0,581.34,0,0,0,3,Python,Apache License 2.0,0.0,0.0,0.0,0.0,0.0,0.0,0.0,0.0,0.0,0.0,
30056,3557,254,0,170.65,0,0,0,7,Python,Apache License 2.0,0.0,0.0,0.0,0.0,0.0,0.0,0.0,0.0,0.0,0.0,
30056,1010,61,0,171.39,0,0,0,10,TypeScript,Apache License 2.0,0.0,0.0,0.0,0.0,0.0,0.0,0.0,0.0,0.0,0.0,
30043,2063,340,0,174.28,0,0,0,9,Rust,Apache License 2.0,0.0,0.0,0.0,0.0,0.0,0.0,0.0,0.0,0.0,0.0,
30023,7654,608,0,172.17,0,0,0,7,Java,Other,0.0,0.0,0.0,0.0,0.0,0.0,0.0,0.0,0.0,0.0,
29987,3596,277,0,170.69,0,0,0,0,Python,MIT License,0.0,0.0,0.0,0.0,0.0,0.0,0.0,0.0,0.0,0.0,
29963,1042,157,0,172.81,0,0,0,10,Rust,Other,0.0,0.0,0.0,0.0,0.0,0.0,0.0,0.0,0.0,0.0,
29937,4850,559,0,692.61,0,0,0,0,JavaScript,MIT License,0.0,0.0,0.0,0.0,0.0,0.0,0.0,0.0,0.0,0.0,
29918,2111,314,0,173.18,0,0,0,10,Go,GNU General Public License v3.0,0.0,0.0,0.0,0.0,0.0,0.0,0.0,0.0,0.0,0.0,
29864,1316,118,0,171.07,0,0,0,4,C++,"BSD 3-Clause ""New"" or ""Revised"" License",0.0,0.0,0.0,0.0,0.0,0.0,0.0,0.0,0.0,0.0,
29847,1629,237,0,170.66,0,0,0,6,Go,"BSD 2-Clause ""Simplified"" License",0.0,0.0,0.0,0.0,0.0,0.0,0.0,0.0,0.0,0.0,
29843,1455,148,0,172.55,0,0,0,10,Go,MIT License,0.0,0.0,0.0,0.0,0.0,0.0,0.0,0.0,0.0,0.0,
29799,7883,633,0,268.24,0,0,0,0,C,Other,0.0,0.0,0.0,0.0,0.0,0.0,0.0,0.0,0.0,0.0,
29797,1617,156,0,173.3,0,0,0,10,C#,MIT License,0.0,0.0,0.0,0.0,0.0,0.0,0.0,0.0,0.0,0.0,
29786,3979,976,0,197.51,0,0,0,10,Kotlin,Apache License 2.0,0.0,0.0,0.0,0.0,0.0,0.0,0.0,0.0,0.0,0.0,
29770,5448,1227,0,392.82,0,0,0,0,HTML,MIT License,0.0,0.0,0.0,0.0,0.0,0.0,0.0,0.0,0.0,0.0,
29768,7975,2075,0,1269.27,0,0,0,1,Makefile,Other,0.0,0.0,0.0,0.0,0.0,0.0,0.0,0.0,0.0,0.0,
29768,1437,752,0,1630.19,0,0,0,7,missing,missing,0.0,0.0,0.0,0.0,0.0,0.0,0.0,0.0,0.0,0.0,
29746,8063,261,0,172.93,0,0,0,10,Vue,MIT License,0.0,0.0,0.0,0.0,0.0,0.0,0.0,0.0,0.0,0.0,
29727,5763,1011,0,172.05,0,0,0,0,C++,Apache License 2.0,0.0,0.0,0.0,0.0,0.0,0.0,0.0,0.0,0.0,0.0,
29725,1614,506,0,172.46,0,0,0,8,Python,Other,0.0,0.0,0.0,0.0,0.0,0.0,0.0,0.0,0.0,0.0,
29717,1672,358,0,175.87,0,0,0,10,TypeScript,MIT License,0.0,0.0,0.0,0.0,0.0,0.0,0.0,0.0,0.0,0.0,
29716,2356,443,0,180.02,0,0,0,10,Python,GNU Affero General Public License v3.0,0.0,0.0,0.0,0.0,0.0,0.0,0.0,0.0,0.0,0.0,
29710,6304,628,0,181.29,0,0,0,0,JavaScript,MIT License,0.0,0.0,0.0,0.0,0.0,0.0,0.0,0.0,0.0,0.0,
29690,1463,598,0,177.06,0,0,0,0,C++,MIT License,0.0,0.0,0.0,0.0,0.0,0.0,0.0,0.0,0.0,0.0,
29684,861,427,0,467.62,0,0,0,7,Python,GNU General Public License v3.0,0.0,0.0,0.0,0.0,0.0,0.0,0.0,0.0,0.0,0.0,
29644,1016,110,0,172.68,0,0,0,6,TypeScript,MIT License,0.0,0.0,0.0,0.0,0.0,0.0,0.0,0.0,0.0,0.0,
29631,3382,355,0,249.46,0,0,0,4,missing,missing,0.0,0.0,0.0,0.0,0.0,0.0,0.0,0.0,0.0,0.0,
29626,10234,1251,0,172.32,0,0,0,6,Java,Apache License 2.0,0.0,0.0,0.0,0.0,0.0,0.0,0.0,0.0,0.0,0.0,
29615,5549,171,0,171.47,0,0,0,10,TypeScript,MIT License,0.0,0.0,0.0,0.0,0.0,0.0,0.0,0.0,0.0,0.0,
29560,3207,615,0,436.41,0,0,0,6,JavaScript,MIT License,0.0,0.0,0.0,0.0,0.0,0.0,0.0,0.0,0.0,0.0,
29539,6091,515,0,1062.85,0,0,0,10,JavaScript,MIT License,0.0,0.0,0.0,0.0,0.0,0.0,0.0,0.0,0.0,0.0,
29522,5862,1781,0,914.28,0,0,0,0,JavaScript,Other,0.0,0.0,0.0,0.0,0.0,0.0,0.0,0.0,0.0,0.0,
29514,2138,104,0,171.26,0,0,0,6,TypeScript,MIT License,0.0,0.0,0.0,0.0,0.0,0.0,0.0,0.0,0.0,0.0,
29498,4563,392,0,175.28,0,0,0,10,Python,MIT License,0.0,0.0,0.0,0.0,0.0,0.0,0.0,0.0,0.0,0.0,
29481,5743,1118,0,1179.93,0,0,0,4,C++,"BSD 3-Clause ""New"" or ""Revised"" License",0.0,0.0,0.0,0.0,0.0,0.0,0.0,0.0,0.0,0.0,
29452,1717,211,0,182.55,0,0,0,6,TypeScript,MIT License,0.0,0.0,0.0,0.0,0.0,0.0,0.0,0.0,0.0,0.0,
29439,2739,316,0,171.21,0,0,0,3,Rust,MIT License,0.0,0.0,0.0,0.0,0.0,0.0,0.0,0.0,0.0,0.0,
29421,6999,617,0,181.6,0,0,0,4,Python,Other,0.0,0.0,0.0,0.0,0.0,0.0,0.0,0.0,0.0,0.0,
29399,1755,159,0,177.01,0,0,0,10,TypeScript,Other,0.0,0.0,0.0,0.0,0.0,0.0,0.0,0.0,0.0,0.0,
29377,5726,848,0,844.08,0,0,0,3,SCSS,Other,0.0,0.0,0.0,0.0,0.0,0.0,0.0,0.0,0.0,0.0,
29375,2207,679,0,335.16,0,0,0,10,missing,Creative Commons Zero v1.0 Universal,0.0,0.0,0.0,0.0,0.0,0.0,0.0,0.0,0.0,0.0,
29353,7674,1174,0,196.65,0,0,0,0,Java,Apache License 2.0,0.0,0.0,0.0,0.0,0.0,0.0,0.0,0.0,0.0,0.0,
29344,2323,466,0,222.39,0,0,0,10,JavaScript,MIT License,0.0,0.0,0.0,0.0,0.0,0.0,0.0,0.0,0.0,0.0,
29338,9558,608,0,172.76,0,0,0,8,JavaScript,Apache License 2.0,0.0,0.0,0.0,0.0,0.0,0.0,0.0,0.0,0.0,0.0,
29309,7567,390,0,170.69,0,0,0,3,Java,Apache License 2.0,0.0,0.0,0.0,0.0,0.0,0.0,0.0,0.0,0.0,0.0,
29286,661,51,0,179.87,0,0,0,10,Rust,MIT License,0.0,0.0,0.0,0.0,0.0,0.0,0.0,0.0,0.0,0.0,
29258,4506,891,0,170.84,0,0,0,7,Go,Other,0.0,0.0,0.0,0.0,0.0,0.0,0.0,0.0,0.0,0.0,
29257,13151,663,0,615.41,0,0,0,0,Jupyter Notebook,Apache License 2.0,0.0,0.0,0.0,0.0,0.0,0.0,0.0,0.0,0.0,0.0,
29234,11298,942,0,178.38,0,0,0,10,Java,GNU General Public License v3.0,0.0,0.0,0.0,0.0,0.0,0.0,0.0,0.0,0.0,0.0,
29196,2836,1187,0,1118.18,0,0,0,0,missing,MIT License,0.0,0.0,0.0,0.0,0.0,0.0,0.0,0.0,0.0,0.0,
29192,5889,1367,0,568.96,0,0,0,3,Batchfile,Other,0.0,0.0,0.0,0.0,0.0,0.0,0.0,0.0,0.0,0.0,
29174,1721,323,0,170.74,0,0,0,10,missing,GNU General Public License v3.0,0.0,0.0,0.0,0.0,0.0,0.0,0.0,0.0,0.0,0.0,
29172,2064,255,0,174.83,0,0,0,0,Go,MIT License,0.0,0.0,0.0,0.0,0.0,0.0,0.0,0.0,0.0,0.0,
29165,2605,508,0,561.23,0,0,0,9,missing,GNU Affero General Public License v3.0,0.0,0.0,0.0,0.0,0.0,0.0,0.0,0.0,0.0,0.0,
29119,2385,299,0,610.73,0,0,0,0,missing,Other,0.0,0.0,0.0,0.0,0.0,0.0,0.0,0.0,0.0,0.0,
29109,3098,435,0,175.28,0,0,0,5,JavaScript,MIT License,0.0,0.0,0.0,0.0,0.0,0.0,0.0,0.0,0.0,0.0,
29100,5006,1541,0,439.45,0,0,0,3,Swift,MIT License,0.0,0.0,0.0,0.0,0.0,0.0,0.0,0.0,0.0,0.0,
29095,4678,595,0,173.29,0,0,0,5,PHP,MIT License,0.0,0.0,0.0,0.0,0.0,0.0,0.0,0.0,0.0,0.0,
29092,1602,230,0,174.9,0,0,0,7,TypeScript,MIT License,0.0,0.0,0.0,0.0,0.0,0.0,0.0,0.0,0.0,0.0,
29044,18246,864,0,983.97,0,0,0,8,missing,missing,0.0,0.0,0.0,0.0,0.0,0.0,0.0,0.0,0.0,0.0,
28938,3453,250,0,387.85,0,0,0,0,Python,Other,0.0,0.0,0.0,0.0,0.0,0.0,0.0,0.0,0.0,0.0,
28937,8168,856,0,628.12,0,0,0,7,Java,MIT License,0.0,0.0,0.0,0.0,0.0,0.0,0.0,0.0,0.0,0.0,
28885,87194,2750,0,239.54,0,0,0,0,Jupyter Notebook,missing,0.0,0.0,0.0,0.0,0.0,0.0,0.0,0.0,0.0,0.0,
28867,1206,189,0,171.26,0,0,0,5,TypeScript,MIT License,0.0,0.0,0.0,0.0,0.0,0.0,0.0,0.0,0.0,0.0,
28864,1581,503,0,176.05,0,0,0,5,TypeScript,MIT License,0.0,0.0,0.0,0.0,0.0,0.0,0.0,0.0,0.0,0.0,
28834,13769,1098,0,240.01,0,0,0,0,JavaScript,Other,0.0,0.0,0.0,0.0,0.0,0.0,0.0,0.0,0.0,0.0,
28815,1077,167,0,171.19,0,0,0,10,C++,Other,0.0,0.0,0.0,0.0,0.0,0.0,0.0,0.0,0.0,0.0,
28810,1887,123,0,170.87,0,0,0,10,Python,Other,0.0,0.0,0.0,0.0,0.0,0.0,0.0,0.0,0.0,0.0,
28787,1131,194,0,171.66,0,0,0,10,Python,GNU General Public License v3.0,0.0,0.0,0.0,0.0,0.0,0.0,0.0,0.0,0.0,0.0,
28772,2341,583,0,170.75,0,0,0,10,Python,MIT License,0.0,0.0,0.0,0.0,0.0,0.0,0.0,0.0,0.0,0.0,
28727,4350,197,0,266.19,0,0,0,10,Python,GNU Affero General Public License v3.0,0.0,0.0,0.0,0.0,0.0,0.0,0.0,0.0,0.0,0.0,
28726,8469,961,0,174.29,0,0,0,10,Java,Apache License 2.0,0.0,0.0,0.0,0.0,0.0,0.0,0.0,0.0,0.0,0.0,
28706,40615,680,0,407.23,0,0,0,0,HTML,missing,0.0,0.0,0.0,0.0,0.0,0.0,0.0,0.0,0.0,0.0,
28703,3432,795,0,573.29,0,0,0,0,C,"BSD 3-Clause ""New"" or ""Revised"" License",0.0,0.0,0.0,0.0,0.0,0.0,0.0,0.0,0.0,0.0,
28664,3416,125,0,170.66,0,0,0,10,TypeScript,Apache License 2.0,0.0,0.0,0.0,0.0,0.0,0.0,0.0,0.0,0.0,0.0,
28661,1320,190,0,172.14,0,0,0,10,TypeScript,MIT License,0.0,0.0,0.0,0.0,0.0,0.0,0.0,0.0,0.0,0.0,
28638,13137,367,0,272.07,0,0,0,10,missing,GNU Affero General Public License v3.0,0.0,0.0,0.0,0.0,0.0,0.0,0.0,0.0,0.0,0.0,
28634,1405,344,0,172.96,0,0,0,9,Go,GNU Affero General Public License v3.0,0.0,0.0,0.0,0.0,0.0,0.0,0.0,0.0,0.0,0.0,
28618,5847,544,0,206.83,0,0,0,0,JavaScript,MIT License,0.0,0.0,0.0,0.0,0.0,0.0,0.0,0.0,0.0,0.0,
28610,1173,270,0,205.03,0,0,0,0,C,GNU General Public License v2.0,0.0,0.0,0.0,0.0,0.0,0.0,0.0,0.0,0.0,0.0,
28587,6220,1490,0,617.55,0,0,0,5,missing,Creative Commons Attribution Share Alike 4.0 International,0.0,0.0,0.0,0.0,0.0,0.0,0.0,0.0,0.0,0.0,
28577,2473,473,0,173.37,0,0,0,10,C#,MIT License,0.0,0.0,0.0,0.0,0.0,0.0,0.0,0.0,0.0,0.0,
28573,861,153,0,517.42,0,0,0,5,JavaScript,MIT License,0.0,0.0,0.0,0.0,0.0,0.0,0.0,0.0,0.0,0.0,
28571,5544,663,0,172.91,0,0,0,9,Python,GNU General Public License v3.0,0.0,0.0,0.0,0.0,0.0,0.0,0.0,0.0,0.0,0.0,
28548,2075,152,0,173.14,0,0,0,5,Rust,MIT License,0.0,0.0,0.0,0.0,0.0,0.0,0.0,0.0,0.0,0.0,
28541,2760,219,0,170.88,0,0,0,5,Go,Apache License 2.0,0.0,0.0,0.0,0.0,0.0,0.0,0.0,0.0,0.0,0.0,
28534,4229,345,0,171.54,0,0,0,2,Python,Apache License 2.0,0.0,0.0,0.0,0.0,0.0,0.0,0.0,0.0,0.0,0.0,
28528,2453,174,0,176.7,0,0,0,10,Rust,missing,0.0,0.0,0.0,0.0,0.0,0.0,0.0,0.0,0.0,0.0,
28515,1339,120,0,170.77,0,0,0,10,C++,GNU General Public License v3.0,0.0,0.0,0.0,0.0,0.0,0.0,0.0,0.0,0.0,0.0,
28501,8015,1614,0,700.17,0,0,0,10,Python,Other,0.0,0.0,0.0,0.0,0.0,0.0,0.0,0.0,0.0,0.0,
28459,1799,1184,0,619.12,0,0,0,0,Shell,MIT License,0.0,0.0,0.0,0.0,0.0,0.0,0.0,0.0,0.0,0.0,
28432,9567,756,0,511.19,0,0,0,5,JavaScript,MIT License,0.0,0.0,0.0,0.0,0.0,0.0,0.0,0.0,0.0,0.0,
28432,10795,1027,0,171.69,0,0,0,6,C,Apache License 2.0,0.0,0.0,0.0,0.0,0.0,0.0,0.0,0.0,0.0,0.0,
28410,7315,501,0,170.69,0,0,0,5,Go,Apache License 2.0,0.0,0.0,0.0,0.0,0.0,0.0,0.0,0.0,0.0,0.0,
28409,1398,220,0,171.36,0,0,0,5,Shell,MIT License,0.0,0.0,0.0,0.0,0.0,0.0,0.0,0.0,0.0,0.0,
28408,5803,860,0,170.72,0,0,0,5,C++,Other,0.0,0.0,0.0,0.0,0.0,0.0,0.0,0.0,0.0,0.0,
28376,6305,2085,0,413.93,0,0,0,5,missing,MIT License,0.0,0.0,0.0,0.0,0.0,0.0,0.0,0.0,0.0,0.0,
28359,1432,87,0,173.8,0,0,0,4,JavaScript,MIT License,0.0,0.0,0.0,0.0,0.0,0.0,0.0,0.0,0.0,0.0,
28341,2883,474,0,730.22,0,0,0,0,JavaScript,Creative Commons Attribution 4.0 International,0.0,0.0,0.0,0.0,0.0,0.0,0.0,0.0,0.0,0.0,
28327,2125,350,0,363.8,0,0,0,0,missing,Other,0.0,0.0,0.0,0.0,0.0,0.0,0.0,0.0,0.0,0.0,
28321,6482,528,0,259.66,0,0,0,8,Shell,Other,0.0,0.0,0.0,0.0,0.0,0.0,0.0,0.0,0.0,0.0,
28313,1843,102,0,171.24,0,0,0,0,Python,Other,0.0,0.0,0.0,0.0,0.0,0.0,0.0,0.0,0.0,0.0,
28303,1889,167,0,172.35,0,0,0,3,Rust,Apache License 2.0,0.0,0.0,0.0,0.0,0.0,0.0,0.0,0.0,0.0,0.0,
28262,3244,206,0,180.64,0,0,0,2,JavaScript,MIT License,0.0,0.0,0.0,0.0,0.0,0.0,0.0,0.0,0.0,0.0,
28262,3781,955,0,579.8,0,0,0,10,missing,MIT License,0.0,0.0,0.0,0.0,0.0,0.0,0.0,0.0,0.0,0.0,
28245,4003,694,0,172.17,0,0,0,4,TypeScript,GNU General Public License v3.0,0.0,0.0,0.0,0.0,0.0,0.0,0.0,0.0,0.0,0.0,
28224,2400,652,0,187.95,0,0,0,3,JavaScript,MIT License,0.0,0.0,0.0,0.0,0.0,0.0,0.0,0.0,0.0,0.0,
28185,8599,1685,0,177.51,0,0,0,0,Java,Apache License 2.0,0.0,0.0,0.0,0.0,0.0,0.0,0.0,0.0,0.0,0.0,
28179,2071,297,0,431.29,0,0,0,10,JavaScript,MIT License,0.0,0.0,0.0,0.0,0.0,0.0,0.0,0.0,0.0,0.0,
28175,3984,139,0,171.4,0,0,0,10,Python,Other,0.0,0.0,0.0,0.0,0.0,0.0,0.0,0.0,0.0,0.0,
28125,5355,996,0,1885.75,0,0,0,0,C#,missing,0.0,0.0,0.0,0.0,0.0,0.0,0.0,0.0,0.0,0.0,
28120,1064,106,0,171.03,0,0,0,8,Python,MIT License,0.0,0.0,0.0,0.0,0.0,0.0,0.0,0.0,0.0,0.0,
28102,5360,1266,0,323.28,0,0,0,0,JavaScript,MIT License,0.0,0.0,0.0,0.0,0.0,0.0,0.0,0.0,0.0,0.0,
28092,9189,642,0,174.19,0,0,0,10,JavaScript,Apache License 2.0,0.0,0.0,0.0,0.0,0.0,0.0,0.0,0.0,0.0,0.0,
28090,5821,605,0,172.79,0,0,0,5,Python,GNU General Public License v3.0,0.0,0.0,0.0,0.0,0.0,0.0,0.0,0.0,0.0,0.0,
28085,2693,177,0,172.7,0,0,0,10,Go,Apache License 2.0,0.0,0.0,0.0,0.0,0.0,0.0,0.0,0.0,0.0,0.0,
28083,6920,830,0,296.16,0,0,0,0,missing,missing,0.0,0.0,0.0,0.0,0.0,0.0,0.0,0.0,0.0,0.0,
28031,9207,651,0,170.77,0,0,0,10,Python,GNU General Public License v3.0,0.0,0.0,0.0,0.0,0.0,0.0,0.0,0.0,0.0,0.0,
28027,1792,331,0,247.91,0,0,0,5,TypeScript,MIT License,0.0,0.0,0.0,0.0,0.0,0.0,0.0,0.0,0.0,0.0,
28026,4469,286,0,931.5,0,0,0,7,Python,GNU General Public License v2.0,0.0,0.0,0.0,0.0,0.0,0.0,0.0,0.0,0.0,0.0,
28011,4146,218,0,222.21,0,0,0,0,TypeScript,MIT License,0.0,0.0,0.0,0.0,0.0,0.0,0.0,0.0,0.0,0.0,
28002,2711,698,0,1021.71,0,0,0,3,Lua,MIT License,0.0,0.0,0.0,0.0,0.0,0.0,0.0,0.0,0.0,0.0,
27972,2645,306,0,171.31,0,0,0,10,C,zlib License,0.0,0.0,0.0,0.0,0.0,0.0,0.0,0.0,0.0,0.0,
27943,6043,589,0,281.55,0,0,0,0,Swift,Apache License 2.0,0.0,0.0,0.0,0.0,0.0,0.0,0.0,0.0,0.0,0.0,
27936,593,77,0,174.1,0,0,0,10,Rust,MIT License,0.0,0.0,0.0,0.0,0.0,0.0,0.0,0.0,0.0,0.0,
27929,10314,873,0,450.74,0,0,0,0,Java,missing,0.0,0.0,0.0,0.0,0.0,0.0,0.0,0.0,0.0,0.0,
27894,7498,956,0,183.26,0,0,0,10,C,"BSD 2-Clause ""Simplified"" License",0.0,0.0,0.0,0.0,0.0,0.0,0.0,0.0,0.0,0.0,
27869,6257,652,0,359.52,0,0,0,4,missing,Other,0.0,0.0,0.0,0.0,0.0,0.0,0.0,0.0,0.0,0.0,
27868,1375,104,0,253.77,0,0,0,10,TypeScript,MIT License,0.0,0.0,0.0,0.0,0.0,0.0,0.0,0.0,0.0,0.0,
27867,1166,165,0,172.95,0,0,0,8,TypeScript,MIT License,0.0,0.0,0.0,0.0,0.0,0.0,0.0,0.0,0.0,0.0,
27856,1453,365,0,185.85,0,0,0,2,Python,Other,0.0,0.0,0.0,0.0,0.0,0.0,0.0,0.0,0.0,0.0,
27832,2161,193,0,343.95,0,0,0,10,C,missing,0.0,0.0,0.0,0.0,0.0,0.0,0.0,0.0,0.0,0.0,
27831,8962,1010,0,553.32,0,0,0,0,missing,missing,0.0,0.0,0.0,0.0,0.0,0.0,0.0,0.0,0.0,0.0,
27823,2650,317,0,694.08,0,0,0,0,JavaScript,MIT License,0.0,0.0,0.0,0.0,0.0,0.0,0.0,0.0,0.0,0.0,
27815,7936,1360,0,602.88,0,0,0,6,Jupyter Notebook,MIT License,0.0,0.0,0.0,0.0,0.0,0.0,0.0,0.0,0.0,0.0,
27800,3456,325,0,512.27,0,0,0,10,Python,Apache License 2.0,0.0,0.0,0.0,0.0,0.0,0.0,0.0,0.0,0.0,0.0,
27719,2174,178,0,170.69,0,0,0,0,Python,MIT License,0.0,0.0,0.0,0.0,0.0,0.0,0.0,0.0,0.0,0.0,
27712,4510,569,0,170.72,0,0,0,10,Python,"BSD 2-Clause ""Simplified"" License",0.0,0.0,0.0,0.0,0.0,0.0,0.0,0.0,0.0,0.0,
27695,2869,184,0,173.15,0,0,0,7,Python,MIT License,0.0,0.0,0.0,0.0,0.0,0.0,0.0,0.0,0.0,0.0,
27680,1758,209,0,172.18,0,0,0,9,C++,GNU General Public License v3.0,0.0,0.0,0.0,0.0,0.0,0.0,0.0,0.0,0.0,0.0,
27665,4831,522,0,555.35,0,0,0,4,JavaScript,Apache License 2.0,0.0,0.0,0.0,0.0,0.0,0.0,0.0,0.0,0.0,0.0,
27616,4082,163,0,548.13,0,0,0,7,missing,Creative Commons Zero v1.0 Universal,0.0,0.0,0.0,0.0,0.0,0.0,0.0,0.0,0.0,0.0,
27607,1038,61,0,176.52,0,0,0,10,Go,GNU Affero General Public License v3.0,0.0,0.0,0.0,0.0,0.0,0.0,0.0,0.0,0.0,0.0,
